income,weights,homeshare,home_choice,consumption
0.3972491018075831,0.008969839185431532,0.9988732563575836,0.9988732563575836,0.3032478829643529
0.3948753336549763,0.007034774878048237,0.9970229655731002,0.9970941234780839,0.3969123268763254
0.3925015655023695,0.004168319387759359,0.9948068905944053,0.9954068198726674,0.4431279381404893
0.39012779734976266,0.0017660149584392496,0.9935848189026506,0.9944084371771339,0.48273934181869665
0.3877540291971558,0.001239125907715726,0.9919476252277869,0.9931461965288546,0.5129945266332393
0.385380261044549,0.0009328238904218753,0.9907120619050347,0.9921492750292098,0.5400401976647677
0.38300649289194216,0.0007905047959545988,0.989549837710744,0.9912310251501749,0.5640905384216468
0.38063272473933535,0.0006110223197186895,0.9883382154465749,0.9902791440278166,0.5860708548272102
0.37825895658672853,0.0005011659249169752,0.9871560183579132,0.9893378499816518,0.6066452416513755
0.37588518843412166,0.0004405191308311589,0.9862476279669102,0.9886202891579922,0.6259010170799761
0.37351142028151485,0.00038942801632297714,0.9852479725844617,0.9878307520743027,0.6439583539108411
0.37113765212890804,0.00034791617737096273,0.9842029254388314,0.9870037475313157,0.6611688156127782
0.3687638839763012,0.0003115120054597582,0.9831763450533522,0.9861913127751626,0.677672938200832
0.3663901158236944,0.0002882546051463438,0.9821887530485156,0.9854114001221955,0.6935188534973776
0.3640163476710876,0.00024973719868614673,0.9812910788192182,0.9847030901494999,0.7087701579430008
0.3616425795184808,0.00022817401827283245,0.9804014357220783,0.9840009914645432,0.7235275805761715
0.3592688113658739,0.0002063378354779715,0.9795293161447547,0.9833132992296879,0.7378433919390524
0.3568950432132671,0.0001908928133645558,0.9786618378847816,0.9826296851665137,0.7517496980029743
0.3545212750606603,0.0001760729149280487,0.9777544774915795,0.9819146825788212,0.7652530638180222
0.35214750690805346,0.00016311204174759736,0.9768545456110369,0.9812054846980218,0.778427417465986
0.34977373875544665,0.00015057725338639332,0.9759899729317453,0.9805248241849894,0.7912923341016374
0.34739997060283984,0.0001391653550469993,0.975161675942222,0.9798736870339508,0.8038723429780105
0.34502620245023297,0.00013379408385846893,0.9743325866783464,0.9792222482528334,0.8161862916936663
0.34265243429762615,0.00012023839676739198,0.9735013104138476,0.9785693325667871,0.8282542490629465
0.34027866614501934,0.00011086841727516915,0.9726809594775261,0.9779253487816689,0.8400973573563635
0.3379048979924125,0.00010397112562702927,0.971872793960604,0.9772912609353164,0.8517279541127442
0.3355311298398057,9.703022437864092e-5,0.9710705427157681,0.9766619295861414,0.8631599531001369
0.3331573616871989,9.011177198352323e-5,0.9702729330441463,0.9760365385900226,0.8744051584261396
0.3307835935345921,8.418746592993091e-5,0.9694779312083625,0.9754136650613623,0.8854636126825385
0.3284098253819852,7.904781205408312e-5,0.9686995156743844,0.9748043381327837,0.8963510515221423
0.3260360572293784,7.396955918902985e-5,0.9679257920100311,0.9741989595459281,0.9070836884533198
0.3236622890767716,6.928486007263954e-5,0.9671470724679703,0.9735898993480059,0.9176666550208843
0.32128852092416477,6.458901218518808e-5,0.9663702100155476,0.9729825240973683,0.9281098583392989
0.31891475277155795,6.05754755892356e-5,0.965600283541883,0.9723806961706655,0.938417494417679
0.3165409846189511,5.7929201787302214e-5,0.964832557150879,0.9717809373694263,0.948596046982559
0.31416721646634427,5.422873072904385e-5,0.9640665253388618,0.9711827143144199,0.9586532225106916
0.31179344831373745,4.988033517018123e-5,0.9633088954875769,0.9705913000645002,0.9685935399773655
0.30941968016113064,4.678804508231126e-5,0.9625562715608706,0.9700040736473035,0.9784215949458994
0.3070459120085238,4.391054159502158e-5,0.9618243186456121,0.9694337587729969,0.9881397872532747
0.304672143855917,4.1420538364047684e-5,0.9611006686148426,0.968870321933531,0.9977548624288196
0.3022983757033102,3.890946378720148e-5,0.9603788484451932,0.9683084799435964,1.0072720005484215
0.2999246075507033,3.652790572094119e-5,0.9596562342847083,0.9677460588190804,1.0166940728015283
0.2975508393980965,3.421519354763568e-5,0.9589245553150691,0.9671765433971715,1.0260236337612818
0.2951770712454897,3.210935788514704e-5,0.9581956662939031,0.9666094136983516,1.0352667452700675
0.2928033030928829,3.0184060815417844e-5,0.9574698068494308,0.9660448092917695,1.0444266526459056
0.29042953494027607,2.8384525488390504e-5,0.9567432029650731,0.9654797461887007,1.053505618239723
0.2880557667876692,2.6608433201767376e-5,0.9560172252540021,0.9649153822888625,1.062507037074156
0.2856819986350624,2.492501530390408e-5,0.955293044683069,0.9643526486507477,1.0714336113635379
0.28330823048245557,2.3411668881941768e-5,0.9545722261864615,0.9637927908548789,1.0802867591937206
0.28093446232984876,2.2085532286607524e-5,0.9538626439629015,0.9632421904104006,1.0890673899599919
0.27856069417724194,2.0951724103087762e-5,0.953163032660426,0.9626997468041479,1.0977786775042249
0.2761869260246351,1.936039821524862e-5,0.9524694244579245,0.9621621066487984,1.1064233418188612
0.2738131578720283,1.8054746513205134e-5,0.9517770026370028,0.9616255419629263,1.1150043417608886
0.2714393897194215,1.6937637647532104e-5,0.9510852702404585,0.9610896162999387,1.1235238047385536
0.26906562156681463,1.5820923709173628e-5,0.950395309312676,0.9605551699824011,1.1319833927566256
0.2666918534142078,1.4804444146122428e-5,0.9497071665178864,0.9600223264954769,1.140385048704678
0.264318085261601,1.382828294484671e-5,0.9490209308544775,0.9594911403305876,1.148730522375012
0.2619443171089942,1.2887472221902898e-5,0.9483368963623315,0.95896183493898,1.1570214162664163
0.25957054895638737,1.2105465894314112e-5,0.9476466712301247,0.9584277136093825,1.1652588798578631
0.2571967808037805,1.1237761156984497e-5,0.9469557422994777,0.9578931154300097,1.173444688246956
0.2548230126511737,1.0503199714101296e-5,0.9462665054159223,0.9573599706688858,1.1815805598117521
0.25244924449856687,9.709184892986231e-6,0.9455793777331369,0.9568285929507171,1.1896677605040722
0.25007547634596006,9.029756915588247e-6,0.9449036147809989,0.9563064714854421,1.1977048734400508
0.24770170819335324,8.380112151675008e-6,0.9442302053988874,0.9557864127306641,1.2056952573415098
0.24532794004074643,7.742513276467501e-6,0.9435581717996464,0.9552675116825001,1.2136407063379278
0.2429541718881396,7.159306743631317e-6,0.9428866738909424,0.9547491676966053,1.2215422558620455
0.24058040373553274,6.617401505875989e-6,0.9422163807800644,0.9542319369931687,1.2294009226454818
0.23820663558292593,6.1072553770810155e-6,0.9415474277312685,0.9537158619397297,1.2372180394581813
0.23583286743031912,5.669861319997335e-6,0.9408809692039404,0.9532018573231733,1.2449943359937765
0.2334590992777123,5.205719619066896e-6,0.9402172289938565,0.9526900804765412,1.2527306585015179
0.23108533112510546,4.718708607714307e-6,0.939554641048459,0.9521793074002961,1.2604283587890175
0.22871156297249862,4.321560449903581e-6,0.9388928560977314,0.9516692547505674,1.2680883260185891
0.22633779481989183,3.934834576254576e-6,0.9382322149689518,0.9511601813992921,1.2757114077356282
0.223964026667285,3.5817829776616493e-6,0.9375731805013349,0.9506524140383438,1.2832982057085598
0.22159025851467817,3.2652644840490117e-6,0.9369159527425629,0.9501461411188663,1.2908495662931545
0.21921649036207133,2.9549545137371704e-6,0.9362607011376048,0.9496414854579331,1.2983664217605666
0.21684272220946454,2.666867960006871e-6,0.9356105652880875,0.9491410522167262,1.3058487101627598
0.2144689540568577,2.4006933255129407e-6,0.9349672703156804,0.9486463101671675,1.3132965854106016
0.2120951859042509,2.1356731199358496e-6,0.934317731371329,0.9481466607230871,1.3207129041663985
0.20972141775164405,1.9182714308792298e-6,0.9336690662111089,0.94764775969703,1.3280979043312908
0.20734764959903723,1.6883064303791546e-6,0.9330216634030866,0.9471498938778612,1.3354521234047805
0.20497388144643042,1.4921341712994412e-6,0.932375253740834,0.9466528967083463,1.3427764013674124
0.20260011329382357,1.341283136115917e-6,0.9317299015570344,0.9461568032999551,1.350071363180346
0.20022634514121676,1.1673565293027035e-6,0.9310841472690298,0.9456604571570585,1.3573376868146596
0.19785257698860995,1.0104474875632618e-6,0.9304386584951211,0.945164401021035,1.3645760066626178
0.19547880883600313,8.825709305036115e-7,0.9297940579838275,0.9446691097183864,1.3717868135161229
0.1931050406833963,7.064908833260312e-7,0.9291502291050108,0.9441744645750481,1.378970276471412
0.19073127253078948,6.632829115404908e-7,0.9285081631378377,0.9436812740423318,1.3861268357115082
0.18835750437818263,4.889842948380133e-7,0.9278676262140706,0.9431893508038501,1.3932573738875726
0.18598373622557582,4.5418757738316056e-7,0.9272285622197914,0.9426986593849817,1.4003623717913878
0.183609968072969,3.827855856418272e-7,0.9265922443143989,0.9422102129195954,1.4074418773678157
0.18123619992036216,3.100891712469016e-7,0.9259565996934973,0.9417223376847376,1.414497031516106
0.17886243176775535,2.7868772373004813e-7,0.9253243077937083,0.9412372046933754,1.4215274055031053
0.17648866361514853,1.5242254164432117e-7,0.9246970460787111,0.9407562430651951,1.428533031360709
0.17411489546254172,1.676737294449563e-7,0.9240704585268713,0.9402758483747773,1.4355156643937683
0.17174112730993488,6.398617919657319e-8,0.9234446867195021,0.9397961358736673,1.442475692880081
0.16936735915732806,9.834475147086932e-8,0.9228199257300714,0.9393172674242822,1.4494135358925355
0.16699359100472125,6.593931574102276e-8,0.9221958940762496,0.9388390368607267,1.456329787479194
0.1646198228521144,2.4085057195989625e-8,0.9215726786068739,0.9383615066088358,1.463224860977422
0.1622460546995076,7.181430077026528e-8,0.9209501665048974,0.9378845819697164,1.4700992186961073
0.6001285141117461,0.008969839185431532,0.9948359784236276,0.9954322623727225,0.44139605512752894
0.5977547459591392,0.007034774878048237,0.9936571507295427,0.9944648796319071,0.4815971896719749
0.5953809778065324,0.004168319387759359,0.9919886542304277,0.9931794784587031,0.5119573668565781
0.5930072096539256,0.0017660149584392496,0.9907581763587756,0.9921864622835708,0.5390227793745921
0.5906334415013188,0.001239125907715726,0.9895933129994349,0.9912649705801707,0.563231646397972
0.588259673348712,0.0009328238904218753,0.9883773056046196,0.9903103504304213,0.5852833672918349
0.5858859051961052,0.0007905047959545988,0.987217713235579,0.9893868008256262,0.6059159180003335
0.5835121370434982,0.0006110223197186895,0.9863016205149704,0.98866289868279,0.6252198003897552
0.5811383688908914,0.0005011659249169752,0.9852785115458454,0.9878548854538278,0.6432800494670576
0.5787646007382846,0.0004405191308311589,0.9842332918947833,0.9870277985483616,0.6605280700128855
0.5763908325856778,0.00038942801632297714,0.9832036354242799,0.9862128419764292,0.6770633053774627
0.574017064433071,0.00034791617737096273,0.9822349974675691,0.9854479310144187,0.6929347686309857
0.5716432962804642,0.0003115120054597582,0.9813355218077084,0.984738228066554,0.7082087689433767
0.5692695281278574,0.0002882546051463438,0.980442930307059,0.9840337866940112,0.7229859310325062
0.5668957599752505,0.00024973719868614673,0.9795686527751064,0.9833443401564567,0.7373194205937296
0.5645219918226437,0.00022817401827283245,0.9786847121323509,0.9826476539342887,0.7512281410325968
0.5621482236700369,0.0002063378354779715,0.9777769174351033,0.9819322696944243,0.7647471755307726
0.5597744555174301,0.0001908928133645558,0.9768770667915524,0.981223081071264,0.7779355431317835
0.5574006873648233,0.0001760729149280487,0.9760259329182321,0.9805531888205804,0.7908110630848857
0.5550269192122164,0.00016311204174759736,0.9751962050509677,0.9799009070095498,0.8034028002938153
0.5526531510596095,0.00015057725338639332,0.974366711399708,0.9792491040324178,0.815727877027668
0.5502793829070027,0.0001391653550469993,0.9735344949407573,0.9785954241892475,0.8278055641740265
0.5479056147543959,0.00013379408385846893,0.9727127190455973,0.9779503004004046,0.8396578807914584
0.5455318466017891,0.00012023839676739198,0.9719045702995807,0.9773161474364779,0.8512967189270808
0.5431580784491823,0.00011086841727516915,0.9711015888967104,0.9766862196747716,0.8627365935020512
0.5407843102965755,0.00010397112562702927,0.970302146292708,0.9760593721110651,0.8739887039398435
0.5384105421439687,9.703022437864092e-5,0.9695075099384641,0.9754368775003548,0.8850477210152112
0.5360367739913618,9.011177198352323e-5,0.9687284011877546,0.9748269836656875,0.8959420016166114
0.533663005838755,8.418746592993091e-5,0.9679539724644408,0.9742210392345467,0.9066811300392631
0.5312892376861482,7.904781205408312e-5,0.9671750461169956,0.9736118118438662,0.9172703487441617
0.5289154695335414,7.396955918902985e-5,0.9663983738404751,0.973004508533908,0.9277190391790346
0.5265417013809346,6.928486007263954e-5,0.9656278732640723,0.9724022054680103,0.938032256773251
0.5241679332283277,6.458901218518808e-5,0.9648599265294859,0.9718022609205603,0.9482159970972233
0.5217941650757209,6.05754755892356e-5,0.964093277863255,0.9712035261016587,0.9582780513475385
0.519420396923114,5.7929201787302214e-5,0.9633353921085102,0.9706118704931023,0.9682230226328088
0.5170466287705072,5.422873072904385e-5,0.9625863250771102,0.9700275283114332,0.9780547396471821
0.5146728606179004,4.988033517018123e-5,0.96185864060895,0.9694606764529992,0.9877762344693474
0.5122990924652936,4.678804508231126e-5,0.9611344184878073,0.9688967667424194,0.9973953854382298
0.5099253243126868,4.391054159502158e-5,0.9604121302089091,0.9683345333359296,1.006916394378465
0.50755155616008,4.1420538364047684e-5,0.959680742450484,0.967765092741441,1.0163402430438278
0.5051777880074731,3.890946378720148e-5,0.958948726632247,0.9671952954788673,1.0256734947671637
0.5028040198548663,3.652790572094119e-5,0.9582195163516414,0.9666279024097272,1.0349201687275424
0.5004302517022595,3.421519354763568e-5,0.9574936302745661,0.966063237247447,1.0440833851068567
0.49805648354965265,3.210935788514704e-5,0.956766857965769,0.9654980396845667,1.0531656799382054
0.49568271539704584,3.0184060815417844e-5,0.9560405986245482,0.9649334515660559,1.0621702690991834
0.493308947244439,2.8384525488390504e-5,0.9553160345017483,0.9643704035743419,1.0710999149272433
0.49093517909183215,2.6608433201767376e-5,0.954595139188157,0.9638104699877093,1.079955991737019
0.48856141093922534,2.492501530390408e-5,0.953892532855837,0.9632655153424546,1.0887378096720264
0.4861876427866185,2.3411668881941768e-5,0.9531930045008155,0.9627230893399452,1.0974516660736886
0.4838138746340117,2.2085532286607524e-5,0.9524990626920975,0.9621851653173679,1.1060989706043478
0.4814401064814049,2.0951724103087762e-5,0.9518063501143433,0.9616483589038121,1.1146825187369191
0.4790663383287981,1.936039821524862e-5,0.9511145509110219,0.9611123498874224,1.123204364127844
0.47669257017619127,1.8054746513205134e-5,0.9504241972635092,0.9605775921348194,1.131666371556591
0.47431880202358445,1.6937637647532104e-5,0.9497357174178975,0.960044474689486,1.140070347224749
0.4719450338709776,1.5820923709173628e-5,0.9490491078302014,0.9595129912180371,1.1484180842773513
0.46957126571837077,1.4804444146122428e-5,0.9483605361060071,0.9589800704296707,1.1567109121521784
0.46719749756576395,1.382828294484671e-5,0.9476674110379376,0.9584436268665676,1.1649503509918677
0.46482372941315714,1.2887472221902898e-5,0.9469763337804411,0.9579089022827005,1.173138247477511
0.4624499612605503,1.2105465894314112e-5,0.946286917303804,0.9573756111304723,1.1812761592008196
0.46007619310794345,1.1237761156984497e-5,0.94560311159254,0.9568468820307652,1.1893644095615237
0.45770242495533664,1.0503199714101296e-5,0.9449301871101768,0.9563270724744765,1.1974027106478897
0.4553286568027298,9.709184892986231e-6,0.9442567325578861,0.9558069593025782,1.2053949238190251
0.452954888650123,9.029756915588247e-6,0.9435845056320952,0.9552878917691303,1.213342167976296
0.4505811204975162,8.380112151675008e-6,0.9429127999612158,0.9547693818478418,1.2212455230664072
0.4482073523449094,7.742513276467501e-6,0.9422422274473603,0.9542519226384192,1.229105934715048
0.44583358419230257,7.159306743631317e-6,0.9415731689884951,0.9537357449496761,1.2369246785041283
0.4434598160396957,6.617401505875989e-6,0.9409065452117715,0.9532215844212084,1.244702573223119
0.4410860478870889,6.1072553770810155e-6,0.940242592450643,0.952709632531404,1.2524404884538927
0.43871227973448207,5.669861319997335e-6,0.939579786296295,0.9521986879367142,1.260139765053139
0.43633851158187525,5.205719619066896e-6,0.9389178250793415,0.9516884884130119,1.2678012415202917
0.4339647434292684,4.718708607714307e-6,0.9382570413495274,0.9511792914657072,1.2754257848263548
0.43159097527666157,4.321560449903581e-6,0.937598321897678,0.9506717334855751,1.2830138320467392
0.42921720712405476,3.934834576254576e-6,0.9369409411413179,0.9501653295140385,1.2905665779886428
0.42684343897144794,3.5817829776616493e-6,0.936285643677734,0.9496606145095404,1.298084736844774
0.4244696708188411,3.2652644840490117e-6,0.9356401913213136,0.9491640300689856,1.305567076711848
0.4220959026662343,2.9549545137371704e-6,0.9349908752368156,0.9486645053710681,1.3130166751323817
0.4197221345136275,2.666867960006871e-6,0.9343412593931989,0.9481647793123655,1.320434262483982
0.4173483663610207,2.4006933255129407e-6,0.933692530715975,0.9476658127139935,1.3278204996453247
0.41497459820841387,2.1356731199358496e-6,0.933044975220634,0.9471678208213152,1.3351759686291569
0.412600830055807,1.9182714308792298e-6,0.9323983979817286,0.9466706880855303,1.3425014755522835
0.4102270619032002,1.6883064303791546e-6,0.931752921597928,0.9461744869957387,1.3497976156063813
0.40785329375059337,1.4921341712994412e-6,0.9311071014626021,0.9456780831897004,1.3570650987816735
0.4054795255979865,1.341283136115917e-6,0.9304614794955925,0.9451819163642623,1.3643045576998898
0.4031057574453797,1.1673565293027035e-6,0.9298169443691164,0.9446866571377923,1.3715163927656675
0.40073198929277287,1.0104474875632618e-6,0.9291733092465339,0.9441921394402262,1.3787008330616295
0.39835822114016606,8.825709305036115e-7,0.9285312435629635,0.9436989290657382,1.3858583910773907
0.39598445298755924,7.064908833260312e-7,0.9278905626284866,0.9432068871467836,1.3929899755993953
0.39361068483495243,6.632829115404908e-7,0.9272514063790969,0.942716102527496,1.4000959640391848
0.3912369166823456,4.889842948380133e-7,0.9266149375765081,0.9422275380916597,1.40717648805051
0.3888631485297388,4.5418757738316056e-7,0.9259793149772688,0.9417396607596757,1.4142325543656087
0.386489380377132,3.827855856418272e-7,0.9253510009174812,0.9412578129739163,1.4212627100503874
0.3841156122245251,3.100891712469016e-7,0.9247235898906991,0.9407767263644311,1.4282692773876113
0.3817418440719183,2.7868772373004813e-7,0.9240968787476025,0.9402962258313063,1.4352528239913616
0.3793680759193115,1.5242254164432117e-7,0.9234709626654644,0.9398163904724333,1.442213752579384
0.3769943077667047,1.676737294449563e-7,0.9228460055110795,0.939337366915212,1.4491525080234737
0.3746205396140978,6.398617919657319e-8,0.9222217854865034,0.93885898865423,1.4560696529299748
0.372246771461491,9.834475147086932e-8,0.9215983981244488,0.9383813212207739,1.4629655926545495
0.3698730033088842,6.593931574102276e-8,0.9209762310620297,0.9379046294480256,1.4698405555476226
0.36749923515627736,2.4085057195989625e-8,0.9203505567744892,0.937425121052899,1.4766955932032189
0.36512546700367055,7.181430077026528e-8,0.9197255703138743,0.9369461814128935,1.4835307605157746
0.5979828921048193,0.01806359098416919,0.9947923249051678,0.9947923249051679,0.5039816732615892
0.5956091239522124,0.014604762063375219,0.9915146870416434,0.9915924962581302,0.6017960793757337
0.5932353557996056,0.015293845731718525,0.9873125093736033,0.9884393746166482,0.6476227593579356
0.5908615876469988,0.011155272216088474,0.9847982294685301,0.9866944120043887,0.6875245607882743
0.588487819494392,0.007902451884538194,0.9824479201288646,0.9849964162175328,0.7171298746707191
0.5861140513417852,0.005841593228751784,0.9805481245065241,0.9835849506757263,0.7433947523560682
0.5837402831891784,0.004837962217172582,0.9788403174648534,0.9822972415325799,0.7665539774313597
0.5813665150365714,0.004323605275030232,0.9772883215810705,0.981136364211952,0.7875496006486122
0.5789927468839646,0.0033029366810077283,0.9759290182695903,0.9800991563007457,0.8071027017303353
0.5766189787313578,0.0029216837542436606,0.9746490663098688,0.9791239654537278,0.8253063766552611
0.574245210578751,0.002624078665973278,0.9733847106890081,0.9781614154915841,0.8423702056111754
0.5718714424261442,0.0023630141357892753,0.9721099402662664,0.9771817473216472,0.8585745072549575
0.5694976742735374,0.0021032734685703606,0.9709857204141938,0.9763172372083628,0.8740500371127756
0.5671239061209306,0.0019074443358397604,0.969902219806093,0.9754856192308541,0.8888830562539632
0.5647501379683237,0.0017776246781616484,0.9688209464211897,0.9746541569064309,0.9031642509112834
0.5623763698157169,0.001621229829575301,0.9677535789214486,0.9738312831135087,0.9169731929875792
0.5600026016631101,0.0014399140035376372,0.9667312538794964,0.9730424285649835,0.9303594966736488
0.5576288335105033,0.0013383661077054608,0.9657480123101319,0.972284412936769,0.943359329469133
0.5552550653578965,0.0012480239183518419,0.9648102867456968,0.9715615048748112,0.9560049369440212
0.5528812972052896,0.0011678396075287972,0.963865576735325,0.9708323892341422,0.9683149928475296
0.5505075290526827,0.0010935929696189615,0.9629312467123881,0.9701110654961604,0.9803438269342786
0.5481337609000759,0.001026067694613334,0.9620071820687617,0.969397434556229,0.9921094873535294
0.5457599927474691,0.0009608436676212939,0.9610938761281551,0.9686919174403793,1.0036337250935803
0.5433862245948623,0.0009044592481119325,0.9601851946898521,0.9679898781329451,1.0149321149039452
0.5410124564422555,0.0008467514436269693,0.9592878353572488,0.9672964697209974,1.0260210900969235
0.5386386882896487,0.0008076105966041174,0.9584015784191435,0.966611650739156,1.0369176625379326
0.5362649201370419,0.0007571002612402126,0.9575465804667339,0.9659517130703262,1.0476295866269416
0.533891151984435,0.0007038926260757259,0.9567155784687255,0.9653108266788302,1.058169394317626
0.5315173838318282,0.0006587815774678402,0.9558917616332594,0.9646753748195751,1.0685496594061181
0.5291436156792214,0.0006227080182447134,0.9550761701853443,0.9640460833064864,1.0787799321373182
0.5267698475266146,0.0005886611447721634,0.9542676158623337,0.9634222551223081,1.0888694722272545
0.5243960793740077,0.0005571550765961101,0.953451868046692,0.9627926517823707,1.0988207165443369
0.5220223112214009,0.0005267545874935519,0.9526392922841029,0.9621655111924555,1.108645581702353
0.519648543068794,0.0004991843432477354,0.9518323652501125,0.9615428589732676,1.1183515234605088
0.5172747749161872,0.00047400905703748406,0.951028577707382,0.9609226698730194,1.1279433654451023
0.5149010067635804,0.0004483650662697472,0.9502281489469211,0.9603050883192289,1.1374268459495094
0.5125272386109736,0.0004245805221200461,0.9494363792814522,0.9596944470704674,1.1468042401022587
0.5101534704583668,0.00040185338928238484,0.9486629714207264,0.9590985279164752,1.1560786977170991
0.50777970230576,0.0003802976501449553,0.9478949073112775,0.958506817912162,1.1652586159733556
0.5054059341531532,0.00036463076444676035,0.9471340493459741,0.9579208595044456,1.174347370465619
0.5030321660005463,0.00034481409986662266,0.9463782355914714,0.9573388839410787,1.1833492176373481
0.5006583978479395,0.00032712322694124484,0.945626219958272,0.9567599195536405,1.1922680427379524
0.49828462969533266,0.000308778520754538,0.9448776890572209,0.9561837288387445,1.2011068847062116
0.49591086154272584,0.00029017020713448255,0.9441332759500185,0.9556107485122534,1.209868822747458
0.49353709339011903,0.00027581704720094934,0.9433933370835028,0.9550412565104736,1.2185568139562764
0.4911633252375122,0.0002621280093313942,0.9426571687542039,0.9544747738610564,1.2271735528302121
0.48878955708490535,0.0002492453161570306,0.9419222815965574,0.9539093506332379,1.2357216592373346
0.48641578893229853,0.00023688090179965304,0.9411829058680018,0.9533402943471627,1.2442025043131075
0.4840420207796917,0.00022523378432920676,0.9404530884129806,0.9527789466422997,1.2526181392776152
0.4816682526270849,0.00021409983919488525,0.9397344843527031,0.9522266342078504,1.2609703619510604
0.4792944844744781,0.00020337192739734472,0.9390188256427965,0.9516766722600949,1.2692635075271361
0.4769207163218713,0.0001937003621008132,0.9383037066642638,0.9511271819983318,1.277499167546754
0.47454694816926446,0.00018420287658619557,0.9375894957105139,0.950578411702429,1.2856791790459943
0.47217318001665765,0.00017493562643603592,0.9368752543700252,0.9500296162947341,1.2938053650127128
0.4697994118640508,0.00016602353708771098,0.9361632119370937,0.9494826003350876,1.3018790688871793
0.46742564371144396,0.00015756902169189617,0.9354545986293561,0.948938391572175,1.3099020034712068
0.46505187555883715,0.0001497534021804512,0.9347497109857745,0.9483971984959503,1.3178755967632239
0.46267810740623033,0.00014167287419105797,0.9340484941857211,0.9478589703343171,1.3258011119118644
0.4603043392536235,0.0001360253315921162,0.9333504657394102,0.9473232355287388,1.3336798550156062
0.45793057110101665,0.00012833608130557309,0.9326551864704508,0.9467896318403405,1.3415133153497407
0.45555680294840983,0.00012199024153150003,0.9319622821916,0.9462578810365785,1.3493028305298187
0.453183034795803,0.00011412434245949026,0.9312717765527442,0.9457280602016878,1.3570497385752534
0.4508092666431962,0.00010835671585513838,0.9305906051363309,0.9452058150564508,1.3647532592447769
0.4484354984905894,0.00010256567183779856,0.9299141826226823,0.9446874232742541,1.3724158312623378
0.4460617303379826,9.668403152267897e-5,0.9292400588239954,0.9441708351891971,1.3800391143533084
0.44368796218537576,9.140338244093197e-5,0.9285672336148719,0.9436553118837493,1.3876244096412516
0.4413141940327689,8.639032797978784e-5,0.9278889544689343,0.9431354835952482,1.3951730606212966
0.4389404258801621,8.15853377989355e-5,0.9272124988256011,0.9426171110964389,1.402685723183823
0.43656665772755526,7.677378697063215e-5,0.9265377755550264,0.9421001288883679,1.4101633023345241
0.43419288957494845,7.228657350248723e-5,0.9258646592177919,0.9415844381344762,1.4176067305628341
0.4318191214223416,6.798898061122338e-5,0.925193810646945,0.941070532580137,1.425016597572819
0.42944535326973476,6.381188438963938e-5,0.9245251761503283,0.9405583297052899,1.432393514874674
0.42707158511712795,5.98071041926265e-5,0.9238568675594554,0.9400464060152924,1.439738710677951
0.42469781696452114,5.582032129151874e-5,0.9231881495727534,0.9395341666036333,1.4470529802360685
0.4223240488119143,5.2401135714068e-5,0.9225203914207274,0.9390227005180776,1.4543370597080407
0.4199502806593075,4.874910497095794e-5,0.9218550189368634,0.9385131300487737,1.4615913864522583
0.4175765125067007,4.535753981068294e-5,0.9211923471041203,0.9380057553817427,1.4688165058597584
0.4152027443540939,4.212538325591868e-5,0.9205346073975303,0.9375024277970175,1.4760123214748742
0.41282897620148706,3.886969346305832e-5,0.9198825837227435,0.9370037744826972,1.483179229406085
0.4104552080488802,3.607167810581255e-5,0.9192317642010573,0.9365060653227905,1.4903192758730084
0.4080814398962734,3.302092722543566e-5,0.9185821811105818,0.9360093476762388,1.4974330099677133
0.40570767174366656,3.0139524373968493e-5,0.9179337861861326,0.935513581980747,1.504521010439487
0.4033339035910597,2.8024580661037774e-5,0.9172865699147741,0.9350187565309422,1.5115839721995976
0.4009601354384529,2.5388959551337325e-5,0.9166411700558368,0.9345253286112091,1.518622207275497
0.39858636728584607,2.268389377039075e-5,0.9159981870660636,0.9340337449159017,1.5256359865769893
0.39621259913323925,2.107316013035201e-5,0.9153565434299433,0.9335432083877933,1.5326262836351296
0.39383883098063244,1.761147951490636e-5,0.9147158505899327,0.933053412044893,1.5395937811870521
0.3914650628280256,1.7437750070043307e-5,0.9140764842690399,0.9325646587921502,1.5465389666699056
0.3890912946754188,1.3451886089391008e-5,0.9134367398205552,0.9320755853781378,1.5534625745810848
0.386717526522812,1.333837952317065e-5,0.9127949383204499,0.9315848645622556,1.560365489976699
0.3843437583702052,1.1001847755536388e-5,0.9121545586240866,0.9310952525588699,1.5672476512090843
0.3819699902175983,9.854673481462196e-6,0.9115151648380284,0.9306064174130455,1.574109784158956
0.3795962220649915,9.622994864256638e-6,0.9108768783576111,0.9301184513220554,1.580952324367314
0.3772224539123847,5.499170103290679e-6,0.9102397305726081,0.9296313871703265,1.5877757436093067
0.37484868575977787,6.8183503467588635e-6,0.9096047771731903,0.9291460957703027,1.594580269232872
0.372474917607171,2.986193443484581e-6,0.9089744582658386,0.9286646115343942,1.6013655692465285
0.3701011494545642,4.478665662208884e-6,0.9083436857887863,0.9281827256890108,1.6081336138789857
0.36772738130195737,2.9695714113945887e-6,0.9077128614865493,0.9277007149092611,1.614885153316015
0.36535361314935055,1.4025024149640565e-6,0.9070837792842148,0.9272199496748879,1.6216202837203677
0.36297984499674374,4.337766860875799e-6,0.9064558749151294,0.9267400754825954,1.6283400039620153
0.9171361907793834,0.01806359098416919,0.9845831344881937,0.9865359340650415,0.6901013828712113
0.9147624226267765,0.014604762063375219,0.9821963176236201,0.9848149966614538,0.7194360593544342
0.9123886544741697,0.015293845731718525,0.9804322349321947,0.9834955099185506,0.7456706459037238
0.9100148863215629,0.011155272216088474,0.978727790901999,0.9822135334673402,0.7684506519697359
0.9076411181689561,0.007902451884538194,0.9771254691836039,0.9810142087217976,0.7893003759840632
0.9052673500163493,0.005841593228751784,0.9757923974565258,0.97999474632759,0.8087005715338763
0.9028935818637425,0.004837962217172582,0.9745281038881501,0.9790318747055663,0.8267939193280534
0.9005198137111355,0.004323605275030232,0.973312043431171,0.9781059209326607,0.8438480573629185
0.8981460455585287,0.0033029366810077283,0.9720322035781921,0.9771221541992702,0.8599719811687067
0.8957722774059219,0.0029216837542436606,0.9708813873581484,0.9762368575375013,0.8753820046589679
0.8933985092533151,0.002624078665973278,0.9698048608449017,0.9754108193550532,0.890151491346657
0.8910247411007083,0.0023630141357892753,0.9687252828982298,0.9745803755905015,0.904382159821342
0.8886509729481015,0.0021032734685703606,0.9676624150730224,0.9737610567540698,0.918148248223158
0.8862772047954947,0.0019074443358397604,0.9666459481287246,0.9729768359116894,0.9314955155012608
0.8839034366428878,0.0017776246781616484,0.9656654476119416,0.9722208681615075,0.9444609204531146
0.881529668490281,0.001621229829575301,0.9647019053812232,0.9714774750841363,0.9570822209332925
0.8791559003376742,0.0014399140035376372,0.9637883156646061,0.9707726653414246,0.9693858496783853
0.8767821321850674,0.0013383661077054608,0.9628571469776538,0.9700537565367531,0.9813871706519771
0.8744083640324606,0.0012480239183518419,0.9619327943322198,0.9693400944577881,0.9931279207817376
0.8720345958798537,0.0011678396075287972,0.961021098590489,0.9686358358472732,1.0046292256481963
0.8696608277272468,0.0010935929696189615,0.9601139053939886,0.9679349743685327,1.0159060091623662
0.86728705957464,0.001026067694613334,0.9592176057168419,0.9672424814236005,1.0269759814263562
0.8649132914220332,0.0009608436676212939,0.9583338374287902,0.9665596063835032,1.0378544568184744
0.8625395232694264,0.0009044592481119325,0.9574667818287504,0.9658899271005209,1.0485528427072637
0.8601657551168196,0.0008467514436269693,0.9566300809104052,0.9652444466444002,1.0590787363127976
0.8577919869642128,0.0008076105966041174,0.9558076284719621,0.9646101239361295,1.069444646794212
0.855418218811606,0.0007571002612402126,0.9549925273145249,0.9639813282119225,1.0796617774776753
0.8530444506589991,0.0007038926260757259,0.9541858018174986,0.9633589385796744,1.0897384693103018
0.8506706825063923,0.0006587815774678402,0.9533849557695976,0.9627411610458098,1.0996825787247217
0.8482969143537855,0.0006227080182447134,0.9525801842781165,0.9621201529261479,1.1094976309872517
0.8459231462011787,0.0005886611447721634,0.9517743807710239,0.9614983715096107,1.1191921670199287
0.8435493780485719,0.0005571550765961101,0.9509710040969267,0.9608785294096085,1.1287732764282792
0.841175609895965,0.0005267545874935519,0.9501710702666576,0.9602613755732841,1.1382466655900378
0.8388018417433581,0.0004991843432477354,0.9493726552688508,0.959645386262507,1.1476159764779557
0.8364280735907513,0.00047400905703748406,0.9485893128528623,0.9590415358052643,1.1568840125391011
0.8340543054381445,0.0004483650662697472,0.9478221042300514,0.9584505383162408,1.1660552171495475
0.8316805372855377,0.0004245805221200461,0.9470624738864083,0.9578655818895976,1.1751355260176928
0.8293067691329309,0.00040185338928238484,0.9463074453539869,0.9572842570609486,1.184129449895069
0.8269330009803241,0.0003802976501449553,0.9455564347609594,0.9567060856703083,1.193040537696013
0.8245592328277173,0.00036463076444676035,0.9448089648320115,0.9561307255367572,1.201871961722492
0.8221854646751104,0.00034481409986662266,0.9440652726848481,0.9555583520330729,1.210626954537664
0.8198116965225036,0.00032712322694124484,0.9433258829725822,0.954989350721617,1.219308318027552
0.8174379283698968,0.000308778520754538,0.9425905514592056,0.9544235354625128,1.2279185478643653
0.8150641602172899,0.00029017020713448255,0.9418583755659122,0.9538602523519316,1.2364605840240892
0.8126903920646831,0.00027581704720094934,0.941129481265631,0.9532995925493383,1.244936944227017
0.8103166239120763,0.0002621280093313942,0.9403974346827968,0.9527363493054709,1.2533483652810866
0.8079428557594694,0.0002492453161570306,0.9396711830151404,0.9521778604647709,1.2616970628543378
0.8055690876068626,0.00023688090179965304,0.9389563152511068,0.9516285210298596,1.2699845922695596
0.8031953194542558,0.00022523378432920676,0.9382416721169524,0.9510794107792399,1.278214803341722
0.800821551301649,0.00021409983919488525,0.9375276903403464,0.9505308667051053,1.2863897331590275
0.7984477831490422,0.00020337192739734472,0.9368136019893349,0.9499822212284603,1.2945109628367728
0.7960740149964354,0.0001937003621008132,0.936102143868352,0.9494357001344598,1.3025798186923383
0.7937002468438286,0.00018420287658619557,0.9353942643474359,0.9488920705524715,1.310597989617912
0.7913264786912217,0.00017493562643603592,0.9346900654576389,0.9483514453706863,1.3185670010958286
0.7889527105386149,0.00016602353708771098,0.9339893671851048,0.9478136388076114,1.3264880853012355
0.7865789423860081,0.00015756902169189617,0.9332908839496961,0.9472776182589839,1.334362939399598
0.7842051742334013,0.0001497534021804512,0.9325956513299265,0.9467440979397168,1.342192433479434
0.7818314060807944,0.00014167287419105797,0.9319030089802379,0.9462125850921057,1.349978018298488
0.7794576379281876,0.0001360253315921162,0.9312130491671484,0.945683196829741,1.3577209868476636
0.7770838697755807,0.00012833608130557309,0.9305253620020634,0.9451556316575908,1.3654227289673142
0.7747101016229739,0.00012199024153150003,0.929845264755337,0.9446342174445181,1.3730827966967796
0.7723363334703671,0.00011412434245949026,0.9291714391628004,0.9441179124536203,1.3807026138912972
0.7699625653177603,0.00010835671585513838,0.9284994070029614,0.94360301477789,1.3882843514224499
0.7675887971651535,0.00010256567183779856,0.9278290282653181,0.9430894513879592,1.3958291687778117
0.7652150290125467,9.668403152267897e-5,0.9271582910311187,0.9425756142983187,1.4033381320794835
0.7628412608599399,9.140338244093197e-5,0.9264839567663757,0.9420589515056547,1.4108124134919773
0.760467492707333,8.639032797978784e-5,0.9258112450621651,0.9415435832958892,1.418252611730834
0.7580937245547262,8.15853377989355e-5,0.9251402131502144,0.9410295736947256,1.4256595915246604
0.7557199564021193,7.677378697063215e-5,0.9244709641208085,0.940516969722472,1.4330339007520123
0.7533461882495125,7.228657350248723e-5,0.9238027954256272,0.9400051706584709,1.4403761657767182
0.7509724200969057,6.798898061122338e-5,0.9231340262518843,0.939492920529889,1.4476876550603799
0.7485986519442989,6.381188438963938e-5,0.9224666157233323,0.9389817432396598,1.4549689349132144
0.746224883791692,5.98071041926265e-5,0.9218015042747674,0.9384724160549477,1.4622205883710884
0.7438511156390852,5.582032129151874e-5,0.9211392408926983,0.9379653793377211,1.4694430021290366
0.7414773474864784,5.2401135714068e-5,0.9204795942614845,0.9374604808498231,1.4766368758878854
0.7391035793338716,4.874910497095794e-5,0.919820928319155,0.9369563568134893,1.4838033895799196
0.7367298111812648,4.535753981068294e-5,0.9191703007264379,0.9364587975743522,1.4909409846618165
0.734356043028658,4.212538325591868e-5,0.9185211813068866,0.9359624393029907,1.4980522069755604
0.7319822748760512,3.886969346305832e-5,0.9178732615682548,0.9354670483370805,1.5051377693748478
0.7296085067234443,3.607167810581255e-5,0.9172265117775901,0.93497258565336,1.5121983488317174
0.7272347385708375,3.302092722543566e-5,0.9165810446015192,0.9344791464782606,1.519234530789728
0.7248609704182307,3.0139524373968493e-5,0.915937292261408,0.9339870499031552,1.5262466550438198
0.7224872022656238,2.8024580661037774e-5,0.9152958349645073,0.933496687140509,1.5332348806044531
0.720113434113017,2.5388959551337325e-5,0.9146554170327427,0.9330071241782303,1.5402003162592413
0.7177396659604102,2.268389377039075e-5,0.9140163603682573,0.932518624885231,1.547143460575616
0.7153658978078034,2.107316013035201e-5,0.9133786119681363,0.9320311595601192,1.554064830012436
0.7129921296551965,1.761147951490636e-5,0.9127422304501596,0.9315447534769479,1.5609648749366212
0.7106183615025897,1.7437750070043307e-5,0.9121056029428385,0.9310581305226664,1.567844477019702
0.7082445933499829,1.3451886089391008e-5,0.9114665080131101,0.9305695248266379,1.5747046748760576
0.7058708251973761,1.333837952317065e-5,0.9108285168575769,0.9300817885928772,1.5815453326033084
0.7034970570447693,1.1001847755536388e-5,0.9101916712382386,0.9295949551471765,1.588366903071703
0.7011232888921624,9.854673481462196e-6,0.9095556497119097,0.92910876502493,1.5951701008273877
0.6987495207395555,9.622994864256638e-6,0.9089202677730518,0.9286230624303208,1.6019554322828355
0.6963757525869487,5.499170103290679e-6,0.908288341930018,0.9281402299516402,1.6087222956848888
0.6940019844343419,6.8183503467588635e-6,0.9076573194729806,0.927658097697148,1.6154725178769647
0.6916282162817351,2.986193443484581e-6,0.9070274496411647,0.9271767957396994,1.6222067280616284
0.6892544481291283,4.478665662208884e-6,0.9063996712089559,0.9266970286823117,1.6289250766074361
0.6868806799765215,2.9695714113945887e-6,0.9057740585384783,0.9262189107309853,1.6356290920951533
0.6845069118239147,1.4025024149640565e-6,0.9051499830826736,0.9257418971235885,1.642320253670805
0.6821331436713078,4.337766860875799e-6,0.904526554618839,0.9252652369754335,1.6489995932496602
0.9137608737206333,0.009979135785644504,0.9834376396211911,0.9834376396211912,0.8197596548774032
0.9113871055680265,0.007442369592937586,0.9782748949008522,0.9787611666113513,0.9024808585007451
0.9090133374154197,0.007471296354298609,0.9725560006994444,0.9747559507146222,0.9442394974218558
0.9066395692628129,0.01029190325110424,0.9676083302116256,0.9719307170097172,0.9760055138143751
0.904265801110206,0.009447036587284323,0.9648267855904177,0.9701024150107402,1.0011616639130998
0.9018920329575992,0.008451023005826489,0.9622290541726974,0.9684463720060046,1.02338294221514
0.8995182648049924,0.008546529010945138,0.9602053043785264,0.9670855203979644,1.0426191402879987
0.8971444966523855,0.007756679492608331,0.958479868035806,0.9658995202616838,1.0601512869129905
0.8947707284997787,0.007157743913468706,0.9569043086510718,0.9647936817449432,1.0763198141522523
0.8923969603471719,0.006571578071195596,0.955457805116158,0.9637571865732876,1.0914865539778924
0.890023192194565,0.006046404660879847,0.9540917997749042,0.9627695888369895,1.1058596444081832
0.8876494240419582,0.005568595734995461,0.9528185168088216,0.9618360285850229,1.1195518165128149
0.8852756558893514,0.005031423537911243,0.9516597150929564,0.9609836976355575,1.1326684350590097
0.8829018877367446,0.004555851081058806,0.9505409361811841,0.9601552108339494,1.1453033316566248
0.8805281195841378,0.004176251703294211,0.9494598909314422,0.9593505989202163,1.157524588348905
0.878154351431531,0.003851927002761859,0.9484161269144793,0.9585706112338163,1.1693846399946741
0.8757805832789242,0.00358201126194485,0.9473826347084703,0.9577956645260696,1.1809046872987963
0.8734068151263173,0.003353984063977274,0.946371034158275,0.9570350830455326,1.1921401365047226
0.8710330469737105,0.003157063798145275,0.9453828172623469,0.9562902514796393,1.2031226814839167
0.8686592788211036,0.002998264337721747,0.9444245881490397,0.9555669135526113,1.2138665458413676
0.8662855106684968,0.002850233404100045,0.9434978532003095,0.9548666023656969,1.2243932033213085
0.86391174251589,0.0027102930679664206,0.942585198426688,0.9541760090005537,1.2347273591394814
0.8615379743632832,0.0025871962200781167,0.9416883688877572,0.953496727257583,1.2448820153574292
0.8591642062106764,0.0024910984738782337,0.9408038740365462,0.9528262439544489,1.2548705354203844
0.8567904380580695,0.0023373874721952215,0.939930990687275,0.9521639779696707,1.264705609559108
0.8544166699054627,0.002246356175051314,0.9390696276695077,0.9515098878817403,1.2743970321500446
0.8520429017528559,0.0021121222813601415,0.9382176408492922,0.9508624887191032,1.2839533913040628
0.8496691336002491,0.002003829953724106,0.937372340306311,0.950219758715613,1.2933831688378439
0.8472953654476423,0.0019084218875059218,0.936538825358362,0.949585566355155,1.3026940730715295
0.8449215972950355,0.0018228259366808689,0.9357180277518308,0.9489610126973842,1.3118914563812336
0.8425478291424287,0.0017475578581710037,0.9349080633069595,0.9483448724284225,1.320976764592488
0.8401740609898218,0.0016696881889965338,0.9341041454585953,0.9477331239209025,1.329963312453565
0.8378002928372149,0.001591637742356251,0.9333071847140092,0.94712642210032,1.3388558697458741
0.8354265246846081,0.0015211939059785557,0.9325155193999881,0.946523523305641,1.347658497292487
0.8330527565320013,0.0014619050895059086,0.931726196487799,0.9459221953305282,1.356375037759336
0.8306789883793945,0.0013961496681966458,0.9309410090467493,0.9453238647231231,1.3650101012548663
0.8283052202267877,0.0013298738143295136,0.9301619326471324,0.9447301105009066,1.3735676079535737
0.8259314520741808,0.0012747627158710831,0.929390332024675,0.9441420623996005,1.3820502560824903
0.823557683921574,0.0012139045388094457,0.9286263764176252,0.9435598046410749,1.3904603889235099
0.8211839157689672,0.0011932122156798025,0.9278666623324634,0.9429806770440435,1.3988020532368393
0.8188101476163604,0.0011094035337267732,0.9271112529346354,0.9424047495282264,1.4070784173533575
0.8164363794637536,0.0010671466762953979,0.9263613822316871,0.9418329678587709,1.4152916901153167
0.8140626113111468,0.0010305069403431534,0.9256262992899652,0.9412729387136848,1.4234413943167599
0.8116888431585398,0.0009716496201755922,0.9248964483471535,0.9407169085188708,1.4315324894960733
0.809315075005933,0.0009320549345432243,0.9241692015159773,0.9401627857646305,1.4395676885892523
0.8069413068533262,0.0008905466093483091,0.9234420806384752,0.9396086207227975,1.4475489765116771
0.8045675387007194,0.0008547795050316831,0.9227185925179526,0.9390571870437846,1.4554784321497707
0.8021937705481126,0.0008200326597157784,0.9219964434647544,0.9385067061343464,1.4633579633425513
0.7998200023955058,0.0007868770609842235,0.9212735954563667,0.9379556192052003,1.4711887391916587
0.797446234242899,0.0007548114964723289,0.9205567073297412,0.9374090573488042,1.4789718474656461
0.7950724660902921,0.0007236310522154356,0.9198412811666903,0.9368635519314997,1.4867098326991703
0.7926986979376853,0.000696243955852309,0.9191289794770804,0.936320379181675,1.4944040198907589
0.7903249297850785,0.0006694823723789245,0.918418799473423,0.9357787648996609,1.5020559306735615
0.7879511616324717,0.0006430055415557467,0.9177098261884119,0.9352379901859265,1.5096667385617906
0.7855773934798649,0.0006174694225337934,0.9170038554418494,0.9346995163005667,1.5172376046342582
0.7832036253272581,0.0005924794030330188,0.9163002020873523,0.9341627764321898,1.5247700579618488
0.7808298571746513,0.0005701787980663529,0.9156030546338956,0.933631235590176,1.5322639532732822
0.7784560890220443,0.0005485195446308589,0.9149138691690901,0.9331061236551379,1.5397199938232016
0.7760823208694375,0.0005280280896752241,0.9142265958490791,0.9325824695103861,1.5471410703349378
0.7737085527168307,0.0005117928175126604,0.9135412388428454,0.9320602706534997,1.554528143198497
0.7713347845642239,0.0004893634231147498,0.9128580632434785,0.9315396974370386,1.5618821390071271
0.7689610164116171,0.00046864868950061383,0.9121783459868865,0.9310216611877739,1.5692034306907
0.7665872482590103,0.0004527238251209591,0.9115014883408634,0.9305057572443264,1.5764933434768464
0.7642134801064034,0.00043532952349974825,0.9108269805972603,0.9299916311613214,1.5837530494264722
0.7618397119537966,0.0004158080808446752,0.9101546023391545,0.9294791084472563,1.5909834016734026
0.7594659438011898,0.00039994541068326,0.9094843206286933,0.9289681415410392,1.598185132991618
0.757092175648583,0.00038525977094362675,0.9088158747254209,0.9284585437506855,1.6053591394616058
0.7547184074959762,0.0003714257939575486,0.9081480429403236,0.9279493749186448,1.6125065085021608
0.7523446393433693,0.00035613363884698135,0.9074809700444177,0.9274407479734197,1.6196280192793135
0.7499708711907624,0.0003422610561609513,0.906813074626281,0.926931418359463,1.6267246912962698
0.7475971030381556,0.00032936408492007945,0.9061437676644027,0.9264209173251382,1.6337973409111792
0.7452233348855488,0.000316350829065413,0.905476715817112,0.9259121584060045,1.6408460856466016
0.742849566732942,0.00030360871494115036,0.9048127995498141,0.9254058705936543,1.647871350645429
0.7404757985803352,0.0002905249627240165,0.9041546893717879,0.924904267065327,1.6548727954290168
0.7381020304277284,0.000279764764672239,0.9034983859114964,0.9244039577238965,1.661852262068688
0.7357282622751216,0.00026734848894111165,0.9028437358665398,0.923904822395533,1.6688106043098638
0.7333544941225147,0.00025769193466814843,0.9021897301392509,0.9234060936691907,1.675749022388955
0.7309807259699079,0.0002433450955859239,0.9015369997291225,0.9229082561458591,1.6826679609965665
0.7286069578173011,0.00023525924738383296,0.9008856098980063,0.9224113785884382,1.6895679617780388
0.7262331896646943,0.00022081533162868552,0.9002355688537678,0.9219155121946844,1.6964496712194694
0.7238594215120875,0.0002128554562059659,0.8995871994707613,0.9214209317700908,1.7033136741025163
0.7214856533594807,0.00020112359636836205,0.8989402634848083,0.9209274331195553,1.7101607404536547
0.7191118852068737,0.00019008935834451324,0.8982944480908419,0.9204347305606275,1.7169914869117424
0.7167381170542669,0.00018521904840289137,0.897649699515728,0.9199427811254801,1.723806575708205
0.7143643489016601,0.00016542014355422135,0.8970061331305201,0.9194516471004724,1.7306069428207103
0.7119905807490533,0.00016951775880844012,0.8963636358282762,0.918961230075262,1.737393709350895
0.7096168125964465,0.00013992429922815791,0.8957224134340301,0.9184716697642663,1.7441673340269113
0.7072430444438397,0.00015014434850842403,0.895082963037944,0.9179833047618692,1.7509281591739876
0.7048692762912329,0.00012042530517709953,0.8944445362128886,0.917495572502253,1.7576783029324003
0.702495508138626,0.00012970971372482405,0.8938076371911816,0.9170087989535193,1.7644187492260226
0.7001217399860192,0.00010968539626674478,0.8931736582159034,0.916524157491715,1.771149589913527
0.6977479718334123,9.835697783406332e-5,0.8925430726028072,0.9160421481964519,1.7778708330346806
0.6953742036808055,0.0001089894727266764,0.8919129003912368,0.9155602947189954,1.7845849044987143
0.6930004355281987,6.546029643602583e-5,0.8912822403941728,0.9150777620268481,1.791295541825297
0.6906266673755919,9.451552493984813e-5,0.8906509566506519,0.9145944387010179,1.7980036644635524
0.688252899222985,4.512061260857197e-5,0.8900164997475335,0.9141082841440995,1.8047104861943373
0.6858791310703782,6.570728602632753e-5,0.889382742302412,0.9136218918276131,1.81142592751514
0.6835053629177714,4.192246327393643e-5,0.8887498832015845,0.9131355032992379,1.8181508367684565
0.6811315947651646,2.777440376643772e-5,0.888117474372201,0.9126488434417451,1.8248847048199415
0.6787578266125578,9.170293560152599e-5,0.8874864896296534,0.9121615793583595,1.8316508199009651
1.4158267408187974,0.009979135785644504,0.9625334270803949,0.9686525012055167,1.0206161464446333
1.4134529726661906,0.007442369592937586,0.9604874391827929,0.9672755995972437,1.0398701890034538
1.4110792045135838,0.007471296354298609,0.9587088214607283,0.9660581715814138,1.0576391070620388
1.408705436360977,0.01029190325110424,0.9571049793645529,0.9649360098565203,1.0740411715955047
1.4063316682083702,0.009447036587284323,0.9556408255370845,0.9638884236396571,1.0893591573572978
1.4039579000557634,0.008451023005826489,0.9542602348676376,0.9628920849612963,1.103855389928133
1.4015841319031566,0.008546529010945138,0.953022639127759,0.9619866453695421,1.1176309843760457
1.3992103637505497,0.007756679492608331,0.95185009559998,0.9611248558495327,1.1308303705830134
1.396836595597943,0.007157743913468706,0.9507232445398801,0.9602909915428403,1.1435332881434577
1.3944628274453361,0.006571578071195596,0.9496248744548429,0.959473755993232,1.1558036797448734
1.3920890592927293,0.006046404660879847,0.9485464118955923,0.9586676490325258,1.1676906287480067
1.3897152911401225,0.005568595734995461,0.9475028148000347,0.957885390642099,1.1792577547374876
1.3873415229875157,0.005031423537911243,0.9464876329188869,0.9571222529776586,1.1905376259195368
1.3849677548349086,0.004555851081058806,0.9455137365435171,0.9563889110798043,1.2015545745736558
1.3825939866823018,0.004176251703294211,0.9445699258174817,0.955676966579878,1.2123298422220077
1.380220218529695,0.003851927002761859,0.9436393035907686,0.9549738156655673,1.2228890959120113
1.3778464503770882,0.00358201126194485,0.9427232008958737,0.9542806851961028,1.233252592366579
1.3754726822244814,0.003353984063977274,0.9418222398684684,0.9535983533182875,1.2434349806628722
1.3730989140718746,0.003157063798145275,0.9409346610020223,0.952925556339417,1.2534484148100828
1.3707251459192678,0.002998264337721747,0.9400594857976797,0.9522615207253601,1.2633062192472566
1.368351377766661,0.002850233404100045,0.9391954120817483,0.9516053946390658,1.2730192211468785
1.3659776096140541,0.0027102930679664206,0.9383416249429333,0.9509566555340635,1.2825956225091892
1.3636038414614473,0.0025871962200781167,0.9374929968933994,0.950311207973828,1.292041881293411
1.3612300733088405,0.0024910984738782337,0.9366564730816113,0.9496749842351657,1.3013626326149295
1.3588563051562337,0.0023373874721952215,0.9358344500301793,0.9490497712952659,1.3105705321053787
1.3564825370036269,0.002246356175051314,0.9350219902964982,0.948431723126864,1.3196724706768819
1.35410876885102,0.0021121222813601415,0.9342167845440894,0.9478189390043394,1.3286742710247939
1.3517350006984132,0.002003829953724106,0.9334184559105796,0.9472111502415297,1.337581248345077
1.3493612325458064,0.0019084218875059218,0.9326253779547312,0.9466071754298253,1.3463978162110635
1.3469874643931996,0.0018228259366808689,0.9318351651332054,0.9460051689214214,1.3551276546580013
1.3446136962405928,0.0017475578581710037,0.9310486472894792,0.9454058039422034,1.363775156545667
1.342239928087986,0.0016696881889965338,0.9302688994826384,0.9448114737937592,1.3723441434071493
1.3398661599353792,0.001591637742356251,0.9294970699712654,0.9442231195072448,1.3808375731423774
1.3374923917827723,0.0015211939059785557,0.9287324402663442,0.9436403117171044,1.3892583833630763
1.3351186236301655,0.0014619050895059086,0.927971640413453,0.9430603407797857,1.3976103489312932
1.3327448554775587,0.0013961496681966458,0.9272222815893588,0.9424893515045454,1.4058943465034217
1.330371087324952,0.0013298738143295136,0.9264819803832727,0.9419254010995407,1.4141138064845205
1.3279973191723449,0.0012747627158710831,0.9257467809068837,0.9413653174519101,1.4222722837547064
1.325623551019738,0.0012139045388094457,0.9250156222796087,0.9408082566271803,1.4303721728942915
1.3232497828671312,0.0011932122156798025,0.9242876629405725,0.9402535799694017,1.4384158309308788
1.3208760147145244,0.0011094035337267732,0.9235517373323049,0.9396924798933711,1.4464050376731685
1.3185022465619176,0.0010671466762953979,0.9228189722006969,0.9391337604544722,1.4543423697995466
1.3161284784093108,0.0010305069403431534,0.9220908907714666,0.9385785459765311,1.4622291387943571
1.313754710256704,0.0009716496201755922,0.9213684261041758,0.9380276154321201,1.470066699146181
1.3113809421040972,0.0009320549345432243,0.9206509456368075,0.9374805671426071,1.4778568979750952
1.3090071739514904,0.0008905466093483091,0.9199352569255765,0.9369348203385526,1.4856016969254153
1.3066334057988835,0.0008547795050316831,0.9192223906724151,0.9363911765462434,1.4933024834143722
1.3042596376462767,0.0008200326597157784,0.9185118420295356,0.935849250121755,1.5009607659130768
1.30188586949367,0.0007868770609842235,0.9178023639482308,0.9353080664603234,1.5085778817322382
1.299512101341063,0.0007548114964723289,0.9170997663797987,0.9347723657110173,1.5161534729261756
1.2971383331884563,0.0007236310522154356,0.916402971833236,0.9342413028503226,1.523689413025795
1.2947645650358495,0.000696243955852309,0.9157087769488239,0.933712255576517,1.531187871156604
1.2923907968832427,0.0006694823723789245,0.9150183635866164,0.9331861849610165,1.5386496285112974
1.2900170287306358,0.0006430055415557467,0.9143302484266497,0.9326618788484459,1.5460761478279401
1.287643260578029,0.0006174694225337934,0.9136450107368129,0.9321397004036784,1.5534679708255479
1.2852694924254222,0.0005924794030330188,0.9129627270202014,0.931619699218698,1.5608261475463199
1.2828957242728154,0.0005701787980663529,0.9122827600010179,0.9311014162289027,1.5681520335240628
1.2805219561202086,0.0005485195446308589,0.9116051171302144,0.9305848906543325,1.5754466787567147
1.2781481879676018,0.0005280280896752241,0.9109301116564399,0.9300703429293803,1.5827108354994899
1.275774419814995,0.0005117928175126604,0.9102572977080188,0.9295574376751479,1.5899454767554277
1.2734006516623881,0.0004893634231147498,0.9095864388571779,0.9290459973835149,1.5971514619714997
1.2710268835097813,0.00046864868950061383,0.9089138219879581,0.9285331143821428,1.6043302338795056
1.2686531153571743,0.0004527238251209591,0.9082399146934693,0.9280191567002968,1.6114826038875987
1.2662793472045677,0.00043532952349974825,0.9075668548780937,0.927505815902701,1.6186090748134867
1.2639055790519607,0.0004158080808446752,0.9068953998874506,0.9269936773993973,1.6257101987538236
1.2615318108993538,0.00039994541068326,0.9062284746496851,0.9264851661487099,1.6327856896225157
1.259158042746747,0.00038525977094362675,0.9055666890305508,0.9259807801740861,1.6398361284692622
1.2567842745941402,0.0003714257939575486,0.9049072076994119,0.925478118303997,1.6468631327509775
1.2544105064415334,0.00035613363884698135,0.9042499750172107,0.924977099224886,1.6538672728808368
1.2520367382889266,0.0003422610561609513,0.9035939405910687,0.9244769531426063,1.6608496926452359
1.2496629701363198,0.00032936408492007945,0.9029392031484657,0.9239777063110282,1.6678110161132607
1.247289201983713,0.000316350829065413,0.9022851155413484,0.9234788776385928,1.6747523144266907
1.2449154338311061,0.00030360871494115036,0.9016319541382667,0.9229806921246999,1.6816742126196693
1.2425416656784993,0.0002905249627240165,0.9009799587368152,0.9224833566057806,1.6885772285864395
1.2401678975258925,0.000279764764672239,0.9003292494596944,0.9219869828214335,1.6954618821022374
1.2377941293732857,0.00026734848894111165,0.8996801990068337,0.9214918759642157,1.7023287064244355
1.2354203612206789,0.00025769193466814843,0.8990328299506226,0.9209980311568584,1.7091783527351574
1.233046593068072,0.0002433450955859239,0.8983865716599714,0.920504982822377,1.7160116308324624
1.2306728249154653,0.00023525924738383296,0.897741348158662,0.9200126682921648,1.7228291406492653
1.2282990567628584,0.00022081533162868552,0.8970973147029965,0.9195211820969293,1.7296317400199563
1.2259252886102516,0.0002128554562059659,0.8964549418907144,0.9190308128610564,1.7364202256508465
1.2235515204576448,0.00020112359636836205,0.8958138705692081,0.9185413233170125,1.7431955267054715
1.221177752305038,0.00019008935834451324,0.8951744896515643,0.9180530020327285,1.7499578515737377
1.2188039841524312,0.00018521904840289137,0.8945407068993211,0.9175690556806478,1.7567074378919916
1.2164302159998244,0.00016542014355422135,0.8939084258106446,0.9170861160669751,1.7634473351454734
1.2140564478472176,0.00016951775880844012,0.8932766819367697,0.9166034052164607,1.770178678250089
1.2116826796946105,0.00013992429922815791,0.8926419758368721,0.9161181547161971,1.7769025112002237
1.2093089115420037,0.00015014434850842403,0.8920073745367683,0.9156328047846695,1.7836189876655617
1.206935143389397,0.00012042530517709953,0.8913724226890687,0.9151468782573385,1.7903318087808506
1.20456137523679,0.00012970971372482405,0.8907378090472031,0.9146609333288922,1.7970416895224586
1.2021876070841833,0.00010968539626674478,0.8901031409790051,0.9141746492453576,1.8037490078438339
1.1998138389315764,9.835697783406332e-5,0.8894690423294984,0.913688097006566,1.8104632626136474
1.1974400707789696,0.0001089894727266764,0.8888358932893548,0.9132015519189814,1.8171867864736382
1.1950663026263628,6.546029643602583e-5,0.8882032870774885,0.9127148152126902,1.8239193889627976
1.192692534473756,9.451552493984813e-5,0.8875721900366869,0.9122277059581853,1.8306800263028316
1.1903187663211492,4.512061260857197e-5,0.8869424757002958,0.9117396632811129,1.8374814890623572
1.1879449981685424,6.570728602632753e-5,0.886312380785875,0.9112496863178831,1.8443224216030534
1.1855712300159356,4.192246327393643e-5,0.8856833635473035,0.9107568002033143,1.8512463390190643
1.1831974618633287,2.777440376643772e-5,0.8850584989015796,0.910260594537139,1.8583143014562578
1.180823693710722,9.170293560152599e-5,0.8844320570806196,0.9097583280320142,1.8655097883086138
1.410516968076763,0.0013311047969583269,0.9574357000908837,0.9587987016156139,1.27435804953289
1.4081431999241563,0.001361792042202467,0.9501476967443626,0.9542957305747976,1.3017547932168128
1.4057694317715494,0.0013737875409755632,0.9436035082507243,0.95096947345345,1.324326906835293
1.4033956636189426,0.0018970939197154077,0.9389063242374088,0.9488300881275513,1.3438188167081673
1.4010218954663358,0.0017739001498564228,0.9359094075803043,0.9470974859587762,1.3594081964733848
1.398648127313729,0.0016745531531280622,0.9334631292135722,0.9457134655233567,1.3738336194335525
1.3962743591611222,0.0018274619368055195,0.9314726827875746,0.9445580350698449,1.387179206691379
1.3939005910085154,0.002336816513085949,0.9298040248451344,0.9435498200264621,1.399659302595185
1.3915268228559086,0.0024241032903960613,0.9283801264550791,0.9426384984142446,1.4114293669449023
1.3891530547033017,0.0024237411250391575,0.9271218336136479,0.9417904342463719,1.4226352106717859
1.386779286550695,0.0025158966867864434,0.9259678326681279,0.9409883368011255,1.4334129805681866
1.3844055183980881,0.0023984616540417415,0.9248898272258058,0.9402237415637801,1.443847282483034
1.3820317502454813,0.0023755464480144936,0.9238758987321837,0.9394951907386255,1.4539952436447356
1.3796579820928743,0.0025161832972866887,0.9228984120135558,0.9387857248142975,1.4639054264716092
1.3772842139402675,0.0025828288093017035,0.9219498427487884,0.9380925173055905,1.4736093403721617
1.3749104457876606,0.0025342620102490727,0.9210184916657457,0.9374075880576916,1.4831256021879666
1.3725366776350538,0.0025095926966481074,0.9201014266841758,0.9367298771349716,1.492475851750283
1.370162909482447,0.0024621031551327137,0.9192023194743303,0.9360627466082397,1.5016757497954127
1.3677891413298402,0.0024157616742935682,0.9183186073104577,0.9354049640756114,1.5107407198235159
1.3654153731772334,0.0024273258849697174,0.9174489527364409,0.9347559584688865,1.5196823909133381
1.3630416050246266,0.002427567992652701,0.9165924008277707,0.9341153876507912,1.5285095322507098
1.3606678368720198,0.002386959718439832,0.9157489629481917,0.933483575096597,1.5372303937051615
1.358294068719413,0.0023457985448925673,0.9149200524702942,0.9328619302516284,1.5458517854608895
1.3559203005668061,0.0023097832432655355,0.9141085873616813,0.9322530184328084,1.5543786570433684
1.3535465324141993,0.0022678412819860942,0.9133061194848521,0.9316502444774687,1.562819211942886
1.3511727642615925,0.0022082231993918963,0.9125110208432252,0.9310523934443762,1.5711789160642304
1.3487989961089857,0.002166409194131164,0.9117235658244729,0.9304596966666722,1.5794622642396063
1.3464252279563789,0.002113859530934505,0.9109451696195244,0.9298732163188386,1.5876724985832005
1.344051459803772,0.0020693779702649555,0.9101739397618791,0.9292916704685632,1.5958142293622783
1.3416776916511652,0.0020172118814720842,0.9094087513546687,0.9287142949925581,1.603891274412395
1.3393039234985584,0.0019826353634147427,0.9086492063850965,0.9281407801355437,1.611906819728042
1.3369301553459516,0.0019142603570424254,0.9078944562459239,0.9275705093286681,1.6198638471410425
1.3345563871933448,0.0018522747459804366,0.907143546139199,0.9270028240881474,1.6277651546228096
1.332182619040738,0.0018021296184477643,0.906392632927515,0.92643474804773,1.6356134341145203
1.3298088508881312,0.0017515246356488597,0.9056439841219647,0.9258681029791906,1.6434112086751647
1.3274350827355244,0.0017030678194071929,0.9048985468246991,0.9253036485904224,1.651160505912686
1.3250613145829175,0.0016518121240892947,0.9041610791175474,0.9247453096336925,1.6588617406053174
1.3226875464303105,0.0015983406297041837,0.903429817492803,0.9241916157467361,1.6665175490931345
1.3203137782777037,0.0015481609356876396,0.9027030589947465,0.9236410583731333,1.674130369183713
1.3179400101250969,0.0015051277968884352,0.9019810772662069,0.9230939695869443,1.6817020801677063
1.31556624197249,0.0014549133915680431,0.9012634889424781,0.9225500368379155,1.6892345163738176
1.3131924738198832,0.0014115767701355253,0.9005492842857028,0.9220084812713878,1.6967296089168074
1.3108187056672764,0.001364695919782203,0.899837277510957,0.9214683854105348,1.7041891457385026
1.3084449375146696,0.001328735590317835,0.8991276880012224,0.9209299438596875,1.7116147632101386
1.3060711693620628,0.0012883475591622929,0.8984209276147485,0.920393479473827,1.7190079873045334
1.303697401209456,0.0012331054654486167,0.8977171274900633,0.9198590850931226,1.7263701446214832
1.3013236330568492,0.0011940689057324272,0.8970168337824789,0.9193272154577498,1.7337023549241373
1.2989498649042424,0.0011539086486504375,0.8963198575725954,0.9187977434854719,1.7410057147038016
1.2965760967516355,0.0011207539187853307,0.8956251066562532,0.9182698140247733,1.7482814754199547
1.2942023285990287,0.0010859729056755711,0.8949333736360476,0.9177440132554505,1.7555301398513121
1.291828560446422,0.0010453345564115943,0.8942441075759961,0.9172199419537376,1.7627528568442754
1.289454792293815,0.0010173954405847299,0.8935570933974989,0.9166974256059879,1.7699506108637784
1.2870810241412083,0.000988622176579333,0.8928770403002481,0.9161803224657167,1.7771227122683442
1.2847072559886015,0.0009513755194844497,0.892199858383312,0.9156653442033965,1.784271875803149
1.2823334878359947,0.0009215517754721147,0.8915240202768752,0.9151512392659552,1.7913999721055456
1.2799597196833878,0.0008933448858586182,0.8908480201334703,0.9146367904693503,1.7985087148072816
1.277585951530781,0.0008684865816699429,0.8901707268143869,0.9141210756385948,1.8055995445417423
1.2752121833781742,0.0008421875710523477,0.8894949535834359,0.9136063352174547,1.8126728490228765
1.2728384152255674,0.0008160580343389834,0.8888202548772923,0.9130921957678182,1.8197300835663592
1.2704646470729606,0.0007934929536921795,0.8881462769969645,0.9125783177186871,1.8267738330369598
1.2680908789203538,0.0007721424508609916,0.8874739014133037,0.9120653494654981,1.8338052859161156
1.265717110767747,0.0007497470378167865,0.8868027857754585,0.9115530821865422,1.8408246928002279
1.26334334261514,0.0007287604588359066,0.8861331636309797,0.9110417266592844,1.8478315903821154
1.2609695744625333,0.0007135598388262795,0.8854652023458442,0.910531494618104,1.8548260664305352
1.2585958063099263,0.0006930169535721016,0.8847985455998549,0.9100221764177401,1.8618092096922272
1.2562220381573195,0.0006723671205063721,0.8841330764153928,0.9095136229855142,1.8687819516032362
1.2538482700047127,0.0006579347757205347,0.883468763721571,0.9090058078057675,1.875744898339852
1.2514745018521058,0.0006500130670215152,0.8828047506729327,0.9084980739655255,1.8826991122447638
1.249100733699499,0.0006250993746716874,0.882141148329676,0.9079904122681826,1.8896467743752348
1.2467269655468922,0.0006090538822199889,0.8814797579746003,0.907484237220669,1.8965900094191144
1.2443531973942854,0.0005973166277772879,0.8808218674947065,0.9069806258909934,1.9035292323357726
1.2419794292416786,0.0005870221173190023,0.8801646703101561,0.9064772241133204,1.9104657540666472
1.2396056610890718,0.0005710060702647463,0.8795086958372972,0.905974313396474,1.9174034917985636
1.237231892936465,0.000556351619529433,0.8788535303680023,0.9054712763512124,1.9243505451619303
1.2348581247838581,0.0005465527147536418,0.878198862811407,0.9049678701926196,1.9313082333482234
1.2324843566312513,0.0005389032753959549,0.8775446909636824,0.9044642890784461,1.9382721255970108
1.2301105884786445,0.0005271782736391509,0.876890698011832,0.9039604715232936,1.9452391159733993
1.2277368203260377,0.0005126748310791662,0.8762363020085823,0.9034561481504177,1.952210893274891
1.2253630521734309,0.0005062783041751464,0.8755815493840888,0.9029514369554605,1.9591904975044065
1.222989284020824,0.0004922707654173816,0.8749264029860779,0.9024462525146658,1.9661795917645044
1.2206155158682173,0.00048588978864203913,0.8742688863981105,0.9019389186575529,1.9731776864273916
1.2182417477156104,0.00047699391333271555,0.8736089645441817,0.9014291702360832,1.9801895084664851
1.2158679795630036,0.00046388084180539786,0.8729490786930889,0.9009185126405599,1.9872250058668275
1.2134942114103968,0.0004548881340271674,0.8722891752545199,0.9004068686847715,1.9942867780726035
1.21112044325779,0.0004502054526767004,0.8716276099534485,0.8998932594182321,2.0013699704570898
1.2087466751051832,0.00044653182550377304,0.8709658424676041,0.8993774397234964,2.0085020088102614
1.2063729069525762,0.00042444917285783604,0.8703053074611264,0.8988597006426601,2.0157031818145748
1.2039991387999693,0.0004182863927876322,0.869644810535198,0.8983398308507392,2.0229676388587046
1.2016253706473625,0.0003969425482765822,0.8689838492817171,0.8978185990888575,2.0302756862353037
1.1992516024947557,0.00044159095809322054,0.8683198231236658,0.8972938236319726,2.0376233260128602
1.196877834342149,0.0003872946005552503,0.8676536072163565,0.8967658635370985,2.0450398495013142
1.194504066189542,0.0003769342348330415,0.86698419705263,0.8962336998951133,2.0525445911320794
1.1921302980369353,0.0003577086628344762,0.86630988224488,0.8956961901769873,2.0601292963164135
1.1897565298843285,0.0003257330330302689,0.8656344691394674,0.8951529498804222,2.067846772743966
1.1873827617317216,0.0005054389039097169,0.8649620059914374,0.8946034918330553,2.0757697325704925
1.1850089935791148,0.00023606059226911403,0.8642880106724461,0.8940461260874399,2.0838842933742003
1.182635225426508,0.0003446685581829935,0.8636149036567273,0.8934780689993252,2.0922959912685712
1.1802614572739012,0.000186118832539945,0.862959094547275,0.8928963194493711,2.1013095415183125
1.1778876891212944,0.00019731485694773126,0.8623083806951624,0.8922954911404544,2.1108749532537128
1.1755139209686876,0.000757207198462496,0.8616432262442209,0.8916687027166695,2.1208910076525775
2.200325928071451,0.0013311047969583269,0.9288542176575753,0.9429476787374896,1.4073070596200725
2.1979521599188443,0.001361792042202467,0.9275815197032415,0.9421031090018462,1.4186822880324732
2.1955783917662375,0.0013737875409755632,0.9264053958700813,0.9412969922805889,1.429593335897267
2.1932046236136307,0.0018970939197154077,0.9253023922087538,0.9405190036055001,1.44012246950386
2.190830855461024,0.0017739001498564228,0.9242532529287687,0.9397679952572054,1.4503600525229983
2.188457087308417,0.0016745531531280622,0.9232444989440975,0.9390378075123863,1.4603500372574585
2.1860833191558102,0.0018274619368055195,0.9222706464502154,0.9383271833132087,1.4701240452421636
2.1837095510032034,0.002336816513085949,0.9213271202918899,0.9376341735734537,1.4797064756110392
2.1813357828505966,0.0024241032903960613,0.920405143714064,0.936953595615474,1.4891184728021993
2.17896201469799,0.0024237411250391575,0.9195004407825753,0.9362829936182498,1.4983753220374807
2.176588246545383,0.0025158966867864434,0.9186144765818065,0.9356242321271725,1.5074900968242282
2.174214478392776,0.0023984616540417415,0.9177516776082765,0.934981467505155,1.5164740043799076
2.1718407102401693,0.0023755464480144936,0.9169015368884539,0.9343467363472595,1.5253403506707592
2.1694669420875625,0.0025161832972866887,0.9160633111785462,0.9337197705614075,1.5340973934357072
2.1670931739349557,0.0025828288093017035,0.9152358264068969,0.9330999281844042,1.5427536285807288
2.164719405782349,0.0025342620102490727,0.9144195366834111,0.9324875971911916,1.5513150621252618
2.162345637629742,0.0025095926966481074,0.913614076173392,0.9318826302863139,1.5597872114174562
2.1599718694771353,0.0024621031551327137,0.9128170224298124,0.9312833046116484,1.5681758947788527
2.1575981013245285,0.0024157616742935682,0.9120247166288682,0.9306868599592065,1.5764861709273847
2.1552243331719216,0.0024273258849697174,0.911234768464505,0.9300914893247474,1.5847222474967384
2.152850565019315,0.002427567992652701,0.910452319624967,0.9295012900980856,1.5928888434884847
2.150476796866708,0.002386959718439832,0.909676684068889,0.9289158365888632,1.60098960215169
2.148103028714101,0.0023457985448925673,0.9089068186664603,0.9283343808537157,1.6090281548030732
2.1457292605614944,0.0023097832432655355,0.9081455528155675,0.9277593205420385,1.6170062833071106
2.1433554924088876,0.0022678412819860942,0.907392845026809,0.9271906827812948,1.624926379548005
2.1409817242562803,0.0022082231993918963,0.9066447791962288,0.9266252498328033,1.632792504390573
2.1386079561036735,0.002166409194131164,0.9059024360307405,0.9260638173729173,1.6406064768768447
2.1362341879510667,0.002113859530934505,0.9051644385001991,0.9255053841820892,1.648370711734109
2.13386041979846,0.0020693779702649555,0.9044296719821923,0.9249491811999828,1.6560876955705062
2.131486651645853,0.0020172118814720842,0.9036984023811065,0.9243953669363296,1.663759322164513
2.1291128834932462,0.0019826353634147427,0.9029704209526671,0.9238438187642046,1.671387801814761
2.1267391153406394,0.0019142603570424254,0.9022462463648458,0.9232950028859126,1.6789749331250121
2.1243653471880326,0.0018522747459804366,0.9015261611289518,0.9227491736623976,1.6865223702551893
2.121991579035426,0.0018021296184477643,0.9008096119564687,0.9222058919469777,1.694031940550292
2.119617810882819,0.0017515246356488597,0.9000957062951039,0.9216644172687232,1.7015052876736605
2.117244042730212,0.0017030678194071929,0.8993838507014581,0.9211242844086119,1.7089440074266984
2.1148702745776053,0.0016518121240892947,0.8986750957734445,0.9205863345698925,1.7163496489204737
2.1124965064249985,0.0015983406297041837,0.8979696538098118,0.9200506659927874,1.7237233736290531
2.1101227382723917,0.0015481609356876396,0.8972696974647547,0.9195191142550609,1.731065862763993
2.107748970119785,0.0015051277968884352,0.8965759476768093,0.9189923443007411,1.7383774526016038
2.105375201967178,0.0014549133915680431,0.8958819961090302,0.9184651307310113,1.745661329788872
2.1030014338145713,0.0014115767701355253,0.8951906787118282,0.9179397792987787,1.75291810224177
2.1006276656619645,0.001364695919782203,0.894501511428714,0.9174159529960713,1.7601489152145502
2.0982538975093576,0.001328735590317835,0.8938139272765294,0.9168932077566112,1.7673548618851973
2.095880129356751,0.0012883475591622929,0.8931284383637029,0.9163719291404835,1.7745368608386536
2.093506361204144,0.0012331054654486167,0.8924448369553933,0.9158519418444053,1.781695987677378
2.091132593051537,0.0011940689057324272,0.8917628358233154,0.915333014001312,1.7888335509150077
2.0887588248989304,0.0011539086486504375,0.8910825020911474,0.9148151968809722,1.795950891116079
2.0863850567463236,0.0011207539187853307,0.8904039887477139,0.9142985758707727,1.8030490601701945
2.0840112885937168,0.0010859729056755711,0.8897271069052062,0.9137830000374966,1.8101292040321335
2.08163752044111,0.0010453345564115943,0.8890520280198876,0.9132685604721015,1.817192343992979
2.079263752288503,0.0010173954405847299,0.8883780171213163,0.9127546565857365,1.8242407956505036
2.0768899841358963,0.000988622176579333,0.8877055766585179,0.9122416300904885,1.8312763214297718
2.0745162159832895,0.0009513755194844497,0.8870353313554145,0.9117299737562261,1.8382993416928415
2.0721424478306827,0.0009215517754721147,0.8863661112430227,0.9112188703388276,1.8453102551641491
2.069768679678076,0.0008933448858586182,0.885699793903904,0.91070997427514,1.8523082854450432
2.067394911525469,0.0008684865816699429,0.8850375166614662,0.9102043224936396,1.8592935774131625
2.0650211433728622,0.0008421875710523477,0.8843757781778995,0.9096989788596175,1.8662684974749304
2.0626473752202554,0.0008160580343389834,0.8837147186268791,0.9091940186970857,1.8732337450024268
2.0602736070676486,0.0007934929536921795,0.883054175928358,0.908689305149062,1.8801898156206303
2.057899838915042,0.0007721424508609916,0.8823937053332107,0.9081844388316425,1.8871380166987615
2.055526070762435,0.0007497470378167865,0.8817340327250623,0.9076798882376333,1.8940815810941465
2.053152302609828,0.0007287604588359066,0.8810752836970377,0.9071756877076333,1.9010222346623347
2.0507785344572214,0.0007135598388262795,0.8804166600589682,0.9066712113865928,1.9079598572250493
2.0484047663046145,0.0006930169535721016,0.8797560610386991,0.9061647886202009,1.914896757730413
2.0460309981520077,0.0006723671205063721,0.8790969846678096,0.9056587776055708,1.9218415444802357
2.043657229999401,0.0006579347757205347,0.8784386039370086,0.905152480874764,1.9287977778893586
2.041283461846794,0.0006500130670215152,0.877780935812157,0.9046461404333758,1.9357614378360273
2.0389096936941873,0.0006250993746716874,0.8771235922591504,0.9041396560290004,1.942728625614378
2.0365359255415805,0.0006090538822199889,0.8764658091628554,0.9036325565216609,1.949699990394946
2.0341621573889737,0.0005973166277772879,0.8758074816121947,0.9031249219003593,1.9566784765503564
2.031788389236367,0.0005870221173190023,0.8751488069935627,0.902616904854992,1.963666075207106
2.02941462108376,0.0005710060702647463,0.8744895812820155,0.9021082526569469,1.9706622250338217
2.0270408529311528,0.000556351619529433,0.8738310736117868,0.9015998541493597,1.9776688605133155
2.024667084778546,0.0005465527147536418,0.8731744757256279,0.9010923558257448,1.9846941251544923
2.022293316625939,0.0005389032753959549,0.872517872380793,0.9005839009188925,1.9917447389463536
2.0199195484733323,0.0005271782736391509,0.8718604741034495,0.9000740169813914,1.9988187621861404
2.0175457803207255,0.0005126748310791662,0.8712023380380856,0.8995621115421538,2.005928935117017
2.0151720121681187,0.0005062783041751464,0.8705452444216162,0.8990484107712069,2.0131009071478485
2.012798244015512,0.0004922707654173816,0.8698884474577656,0.8985323427323246,2.020341182378452
2.010424475862905,0.00048588978864203913,0.869229147142314,0.8980126703373356,2.0276346008790274
2.0080507077102983,0.00047699391333271555,0.8685664040231589,0.8974892722083058,2.034966643740149
2.0056769395576914,0.00046388084180539786,0.8679010605730054,0.8969627278704151,2.042350622017565
2.0033031714050846,0.0004548881340271674,0.8672336579958246,0.8964326836835982,2.049821100163998
2.000929403252478,0.0004502054526767004,0.8665620159117373,0.8958976549300613,2.0573783669779138
1.9985556350998712,0.00044653182550377304,0.8658854459662781,0.8953567325393141,2.0650182758167643
1.9961818669472642,0.00042444917285783604,0.8652126343797544,0.8948102150763406,2.072862138297681
1.9938080987946574,0.0004182863927876322,0.8645394629680602,0.8942549590527523,2.0809194229154273
1.9914343306420506,0.0003969425482765822,0.8638558018397707,0.8936866252856671,2.0891448166594833
1.9890605624894437,0.00044159095809322054,0.8631903103621774,0.8931054774934344,2.0979727851487735
1.986686794336837,0.0003872946005552503,0.8625366649871627,0.8925068357967882,2.107388793826796
1.98431302618423,0.0003769342348330415,0.8618718361880242,0.8918873114835896,2.1172179340915633
1.9819392580316233,0.0003577086628344762,0.8612237567430117,0.8912362695618593,2.128085173942546
1.9795654898790165,0.0003257330330302689,0.8606228552856041,0.8905489966306377,2.1405174313839077
1.9771917217264097,0.0005054389039097169,0.8599904597870305,0.8898011112583394,2.154058616290108
1.9748179535738029,0.00023606059226911403,0.8595117698817594,0.8889694117682047,2.172072772416785
1.972444185421196,0.0003446685581829935,0.8593191072464804,0.8880356612053244,2.196924802521284
1.9700704172685892,0.000186118832539945,0.85890147968113,0.8868447092690641,2.2240354549135697
1.9676966491159824,0.00019731485694773126,0.8610508984302941,0.8853032452894968,2.300977781571829
1.9653228809633756,0.000757207198462496,0.8629370732169823,0.8828740443860867,2.3954209056797175
2.191973027860502,4.949095388280144e-5,0.9063535532329774,0.9224910879209263,1.727665426443676
2.189599259707895,5.603204511948989e-5,0.9032684922767606,0.9207652186981746,1.7397371529666068
2.1872254915552882,5.6821826936402285e-5,0.9004713157510468,0.9192977334613709,1.751417372051979
2.1848517234026814,7.73925183292919e-5,0.897925057251219,0.9180737093596414,1.7628153182311712
2.1824779552500746,9.254594186315061e-5,0.8959360678647429,0.9170539890946142,1.7732973558676823
2.180104187097468,9.241032321953334e-5,0.894247017747653,0.9161791171152358,1.7833013793590755
2.177730418944861,0.00010292058877381204,0.8928588931282686,0.915409739995451,1.7927732119203312
2.175356650792254,0.0001406838079897572,0.8917036243060963,0.9147100419578768,1.8017976563702995
2.1729828826396473,0.0001515418651375072,0.8907074769359532,0.9140468621077358,1.8104737683035543
2.1706091144870405,0.00015516672597470959,0.8897784068580745,0.9134079808405113,1.8189743843929576
2.1682353463344337,0.00017080081985271068,0.8889124914522863,0.9127846547072643,1.8272987602424293
2.165861578181827,0.00017818587609530717,0.8880737835220951,0.9121715403617316,1.835516656325582
2.16348781002922,0.00018235305612357652,0.8872532285915433,0.9115668216576788,1.843648457461699
2.1611140418766133,0.00019568602319489924,0.8864492814858688,0.9109714559422238,1.8517042505944439
2.1587402737240065,0.00020592661424369084,0.8856586877422078,0.9103837534948985,1.8596923876354963
2.1563665055713996,0.0002199150507651707,0.884876513440536,0.9098003749791398,1.8676203625176917
2.153992737418793,0.00023230233500824045,0.8841008528741832,0.9092202497909017,1.8754933201403272
2.151618969266186,0.00023704661335488165,0.8833328296367756,0.9086446027620033,1.8833158860900734
2.149245201113579,0.00024826188057115473,0.8825710221563998,0.9080725068559276,1.891092493574514
2.1468714329609724,0.0002614456733595592,0.8818100940224052,0.9074999210827349,1.8988278084404673
2.1444976648083656,0.00026616883243259064,0.8810552920084758,0.9069311149479288,1.9065247612026166
2.1421238966557588,0.0002788057043072796,0.8803068228865913,0.9063662282446957,1.914186494287766
2.139750128503152,0.00029249904889532674,0.8795629330279697,0.905803977741367,1.921817510567261
2.137376360350545,0.0002973918577694482,0.8788235426168325,0.9052442785876434,1.9294213100506696
2.1350025921979383,0.00030354481616642935,0.8780888774725893,0.9046872956467575,1.93700100272288
2.132628824045331,0.00031193598307001634,0.8773575518419232,0.904132025226395,1.9445605529546846
2.1302550558927242,0.0003160188892592292,0.8766292584155335,0.9035782366549807,1.9521028042386286
2.1278812877401174,0.00031862601208694334,0.8759031339704103,0.9030253237954016,1.9596293783544994
2.1255075195875106,0.00032488277474117835,0.8751806905343045,0.9024747480865404,1.9671392974487452
2.123133751434904,0.00032893088636150807,0.8744634206684981,0.9019279993378965,1.974631381420382
2.120759983282297,0.0003348066435413503,0.8737475254283805,0.9013820496814633,1.9821072955117585
2.11838621512969,0.00033759167327130306,0.8730329456634195,0.9008369088557581,1.989568062370076
2.1160124469770833,0.000340036198610868,0.8723202388761968,0.9002930143191349,1.9970151349790437
2.1136386788244765,0.0003444750601882602,0.8716092708537986,0.8997501431824154,2.004450355993254
2.1112649106718697,0.000346738872088779,0.8708996127452167,0.8992078873503353,2.0118759589578517
2.108891142519263,0.00034983610076762934,0.8701910270526744,0.8986660190363808,2.0192945016383623
2.106517374366656,0.00035395502456353256,0.8694836718526338,0.8981245717577613,2.0267091374378534
2.1041436062140493,0.00035577549431745395,0.8687781422433458,0.8975838233457494,2.0341238476538974
2.1017698380614425,0.0003571785788029584,0.8680741082197158,0.8970433118983266,2.041544384206453
2.0993960699088356,0.0003592897632747385,0.8673710624885931,0.8965024007332161,2.048977787112157
2.097022301756229,0.0003596364881037755,0.866669446957234,0.8959611361910542,2.056431730244472
2.094648533603622,0.00036026493296930837,0.865966909055202,0.8954173553613837,2.063914753323944
2.092274765451015,0.00036486241340872043,0.8652637873333046,0.8948716201621938,2.0714241426143487
2.0899009972984084,0.000366672495923874,0.8645604680499044,0.8943248782859956,2.078951014038508
2.0875272291458016,0.00036240928637031527,0.8638564966971976,0.8937773818366925,2.086488375074898
2.0851534609931948,0.00036112657406948083,0.8631540562645859,0.8932316219199885,2.0940325044882035
2.082779692840588,0.0003587935370612757,0.8624506206129723,0.8926855877400425,2.101585136790341
2.080405924687981,0.0003577113761720988,0.8617450260046432,0.8921381813141259,2.1091493252021642
2.0780321565353743,0.00035630279228429434,0.8610375188946058,0.8915893139910159,2.1167267560558805
2.0756583883827675,0.0003554460728493756,0.8603273114584205,0.8910381143356876,2.1243193249657644
2.0732846202301607,0.00035405943309860087,0.8596149543985415,0.8904848093829775,2.131929834967552
2.070910852077554,0.0003530006556228073,0.8589021472463488,0.8899304454732685,2.13956430430085
2.068537083924947,0.00035161769243995697,0.8581890739484477,0.8893747118763772,2.1472332588167857
2.0661633157723402,0.0003496835300048475,0.8574763000869781,0.8888173690625878,2.1549517848721003
2.0637895476197334,0.00034767195067015016,0.8567657935719604,0.888258441004049,2.1627503125884617
2.0614157794671266,0.0003466810467065568,0.8560587885183976,0.8876972724543103,2.17066134715952
2.05904201131452,0.0003470506413938417,0.8553534010213413,0.8871325162689018,2.178683738395991
2.056668243161913,0.0003448936881473244,0.8546454105134761,0.8865626729881763,2.1867887613269215
2.054294475009306,0.00034147880792473513,0.8539316947975816,0.8859873799137357,2.194945216248833
2.0519207068566994,0.0003385656000531517,0.8532110442866261,0.8854073007682073,2.2031356889281355
2.0495469387040925,0.00033546072275876055,0.8524815250300356,0.884822585816871,2.211361512189525
2.0471731705514857,0.0003323112131532807,0.8517453229652624,0.8842354551512811,2.2196307945688685
2.044799402398879,0.00033122009972575095,0.8510016073434707,0.8836439226734336,2.2279481996956427
2.042425634246272,0.0003383914242043994,0.8502478164797317,0.8830447042085214,2.2363127067833912
2.0400518660936653,0.0003287578550839064,0.8494876979739739,0.8824402527553626,2.2447251569670277
2.0376780979410585,0.0003233494746672541,0.8487238670989654,0.8818318444755724,2.253200607705749
2.0353043297884517,0.0003201114476071555,0.847955014317691,0.8812180177417483,2.2617516935213535
2.032930561635845,0.00031798687167823423,0.8471848028967076,0.8806000760120611,2.2704124977524973
2.030556793483238,0.00031597783236440977,0.8464245478237653,0.8799773955486547,2.279363928901423
2.028183025330631,0.00031635959884598197,0.845677261862265,0.8793477304441147,2.2886916910179154
2.0258092571780244,0.00031657580309401407,0.8449321950613189,0.8787065352154928,2.298324201885035
2.0234354890254176,0.0003129871746143266,0.8441771009575275,0.8780510407707305,2.308136562147573
2.0210617208728108,0.0003098283970185349,0.8434048410007642,0.8773810303568164,2.318038291511873
2.018687952720204,0.00030697113673740136,0.8426117553922219,0.876697555115147,2.327997861042815
2.016314184567597,0.0003045487336115905,0.8417926459622355,0.8760026022543348,2.3380412473027
2.01394041641499,0.00030686341999642294,0.8409509427366051,0.8752998113204989,2.3481955827006145
2.0115666482623835,0.00030454984283551464,0.8400942719858796,0.8745906183769,2.358452227835837
2.0091928801097763,0.0003025048096593904,0.839219943040051,0.8738678525473148,2.3688120848506022
2.0068191119571694,0.00032000341177868804,0.8383368797256883,0.8731349131515493,2.3793288364598792
2.0044453438045626,0.00029851802895566003,0.8374397860278469,0.8723872786903457,2.3900090984115945
2.002071575651956,0.0003055641821373524,0.8365302776044432,0.8716292552540839,2.4008101654490384
1.9996978074993492,0.00030823243241614935,0.8356591206093289,0.8708579406232324,2.412548064305154
1.9973240393467424,0.00031068134893339947,0.8348415301331591,0.8700703673535164,2.4255052769049517
1.9949502711941356,0.00031373139881740595,0.8340310729799055,0.8692508209617723,2.439302268137411
1.9925765030415288,0.00031045175327457824,0.8331826257050128,0.8683882611234423,2.453494880274095
1.990202734888922,0.0003118240957406873,0.8322839181117925,0.8674854420026222,2.467833018868248
1.987828966736315,0.000318795219945492,0.8313447127753284,0.8665524255554966,2.4822485749378695
1.9854551985837081,0.00033596118205803615,0.8303341925626141,0.8655947988063222,2.4968426855398484
1.9830814304311013,0.0003140262206223832,0.8292401059860272,0.8646054845930552,2.5116691955043624
1.9807076622784945,0.0003257951713149945,0.8280784392988919,0.8635780247895999,2.5267614312199536
1.9783338941258877,0.00032794226350518193,0.8269063221168692,0.862533938533878,2.5422795695159643
1.9759601259732809,0.0003944593274142186,0.8257331587928008,0.8614767771060317,2.558208401420765
1.973586357820674,0.0003863190129439194,0.8245342980579746,0.8603919682424083,2.5744728796915055
1.9712125896680672,0.0004127103030109789,0.8234982370009236,0.8592676514359486,2.5941040597685476
1.9688388215154604,0.00039889160442234547,0.8227062330546694,0.8581019395950721,2.61839102987282
1.9664650533628536,0.0003401680712028185,0.821896965607308,0.8568088043212484,2.645086235341725
1.9640912852102468,0.0007311537706282215,0.820929252334292,0.8553852936606748,2.6723049905288447
1.96171751705764,0.00017726132043755972,0.8198274630562568,0.8538603172494668,2.699850167213887
1.9593437489050332,0.00020339784772277966,0.818599580955026,0.8522382852141233,2.7276497731917146
1.9569699807524263,0.0016760084267019011,0.8171890397363369,0.8504963474188217,2.755777969060854
3.434435888148762,4.949095388280144e-5,0.8872386731899856,0.9115561325638394,1.843793609928777
3.4320621199961554,5.603204511948989e-5,0.8864334431620247,0.9109596326384661,1.8518487097025884
3.4296883518435486,5.6821826936402285e-5,0.8856431562110089,0.9103721122311523,1.85983559471506
3.4273145836909418,7.73925183292919e-5,0.8848611644488734,0.9097888409203744,1.867762489190381
3.424940815538335,9.254594186315061e-5,0.8840857549354816,0.9092088751512926,1.8756344196612393
3.422567047385728,9.241032321953334e-5,0.8833179369069667,0.908633362970631,1.883456073986233
3.4201932792331213,0.00010292058877381204,0.8825566355836505,0.908061649346923,1.8912318447796106
3.4178195110805145,0.0001406838079897572,0.8817974965608386,0.9074904514228467,1.898966147364773
3.4154457429279077,0.0001515418651375072,0.8810427644514944,0.9069216928932745,1.9066624173782012
3.413071974775301,0.00015516672597470959,0.8802943017125041,0.9063568087302803,1.9143235772383231
3.410698206622694,0.00017080081985271068,0.8795504402991406,0.905794574759839,1.9219540708579905
3.4083244384700873,0.00017818587609530717,0.8788111149508673,0.9052349137419267,1.9295573840646663
3.4059506703174804,0.00018235305612357652,0.8780763956233327,0.9046778789364862,1.937136724863422
3.4035769021648736,0.00019568602319489924,0.8773451602248108,0.9041226644598673,1.9446958960075515
3.401203134012267,0.00020592661424369084,0.8766169704601161,0.9035689393236764,1.9522378045352733
3.39882936585966,0.0002199150507651707,0.8758908833646688,0.9030160473340507,1.9597640974054715
3.396455597707053,0.00023230233500824045,0.8751672416556068,0.9024644438604367,1.967274199445678
3.3940818295544464,0.00023704661335488165,0.8744500409146367,0.9019177450091554,1.9747659532785171
3.3917080614018396,0.00024826188057115473,0.8737342186039536,0.9013718481314574,1.9822415392634385
3.3893342932492327,0.0002614456733595592,0.8730196470848764,0.900826717795312,1.9897020632192235
3.386960525096626,0.00026616883243259064,0.8723069912829771,0.9002828638973814,1.9971489017214252
3.384586756944019,0.0002788057043072796,0.8715959551157703,0.8997399458141466,2.0045840089785534
3.3822129887914123,0.00029249904889532674,0.8708863077527194,0.8991976950188441,2.0120094782887783
3.3798392206388055,0.0002973918577694482,0.8701778043458432,0.8986558799570578,2.0194278919325863
3.3774654524861987,0.00030354481616642935,0.8694705026921478,0.8981144638015405,2.026842504541941
3.3750916843335914,0.00031193598307001634,0.8687648415326024,0.8975736039831536,2.0342574178083206
3.3727179161809846,0.0003160188892592292,0.8680608373335406,0.8970330988776285,2.0416781891395512
3.370344148028378,0.00031862601208694334,0.8673578730530244,0.8964922223490682,2.0491119406378284
3.367970379875771,0.00032488277474117835,0.8666563139924433,0.8959509721409408,2.0565663804689476
3.365596611723164,0.00032893088636150807,0.8659555071585318,0.8954085814963648,2.064048547551219
3.3632228435705573,0.0003348066435413503,0.8652524192005226,0.8948628511604885,2.071558407299133
3.3608490754179505,0.00033759167327130306,0.864549033788217,0.8943160570557034,2.079085668670913
3.3584753072653437,0.000340036198610868,0.8638450742396357,0.8937685708894771,2.0866232068521158
3.356101539112737,0.0003444750601882602,0.8631414766702276,0.8932218155234105,2.094167914840015
3.35372777096013,0.000346738872088779,0.8624379091636496,0.8926756974761484,2.101720797631147
3.3513540028075233,0.00034983610076762934,0.8617323159704735,0.8921282982179913,2.109285190116249
3.3489802346549165,0.00035395502456353256,0.8610247711056668,0.891579408573576,2.1168628961302134
3.3466064665023096,0.00035577549431745395,0.8603145491768509,0.8910281929250918,2.1244557362047285
3.344232698349703,0.0003571785788029584,0.8596021825624514,0.8904748739288376,2.132066598694533
3.341858930197096,0.0003592897632747385,0.8588892190190613,0.8899203743685107,2.1397016886459994
3.339485162044489,0.0003596364881037755,0.8581761442949306,0.8893646188195803,2.1473714150338656
3.3371113938918824,0.00036026493296930837,0.8574634081285161,0.8888072649644083,2.155091055915764
3.3347376257392756,0.00036486241340872043,0.8567530143683693,0.8882483362485447,2.162891590509077
3.3323638575866688,0.000366672495923874,0.8560460718375529,0.887687117608715,2.170804906401047
3.329990089434062,0.00036240928637031527,0.8553406384648986,0.887122260797541,2.1788290654526126
3.327616321281455,0.00036112657406948083,0.8546325493107397,0.8865523189047096,2.186935154066512
3.3252425531288483,0.0003587935370612757,0.8539186786924655,0.8859769175246399,2.1950922841215723
3.3228687849762415,0.0003577113761720988,0.8531977426422064,0.8853966727686169,2.203283516667635
3.3204950168236347,0.00035630279228429434,0.85246809251528,0.8848119023436106,2.211510141675455
3.318121248671028,0.0003554460728493756,0.8517307325583228,0.8842237476435506,2.219780607579121
3.315747480518421,0.00035405943309860087,0.8509884064987105,0.8836334007064425,2.2280975186569276
3.3133737123658142,0.0003530006556228073,0.8502347174965137,0.8830342873049035,2.23646267388779
3.3109999442132074,0.00035161769243995697,0.8494742976407784,0.8824295932664793,2.244876145930381
3.3086261760606006,0.0003496835300048475,0.8487104233467302,0.8818211332214138,2.2533528053100556
3.306252407907994,0.00034767195067015016,0.8479415137634781,0.8812072379842122,2.2619053431765597
3.303878639755387,0.0003466810467065568,0.8471713074865148,0.8805892403354759,2.270568380649379
3.30150487160278,0.0003470506413938417,0.846411296542906,0.8799664538998504,2.2795264709574865
3.2991311034501734,0.0003448936881473244,0.8456642456796513,0.8793366347331181,2.288861705766062
3.2967573352975665,0.00034147880792473513,0.8449190782917242,0.8786951654675494,2.2984991128744543
3.2943835671449597,0.0003385656000531517,0.844163541769283,0.8780392776032461,2.308313897984772
3.292009798992353,0.00033546072275876055,0.8433908826894089,0.8773689903717481,2.3182167453250964
3.289636030839746,0.0003323112131532807,0.8425973014526543,0.8766853120428217,2.3281777460656983
3.2872622626871393,0.00033122009972575095,0.8417777076880619,0.8759901673278927,2.338223253958719
3.2848884945345325,0.0003383914242043994,0.8409346662318048,0.8752861688343259,2.3483795584025247
3.2825147263819257,0.0003287578550839064,0.8400773675878492,0.8745765633951533,2.3586385030946557
3.280140958229319,0.0003233494746672541,0.8392029457194121,0.8738536752076019,2.369001348111696
3.277767190076712,0.0003201114476071555,0.838321252821722,0.8731219139996115,2.3795180457418814
3.275393421924105,0.00031798687167823423,0.8374242474268206,0.8723743477594542,2.3902006988052973
3.2730196537714984,0.00031597783236440977,0.8365145242250867,0.8716161626272798,2.401004133990567
3.2706458856188916,0.00031635959884598197,0.835644206457596,0.8708445541299336,2.41276209394648
3.2682721174662848,0.00031657580309401407,0.8348276250143857,0.8700565690387412,2.4257445266438316
3.265898349313678,0.0003129871746143266,0.8340167668045216,0.8692361576077209,2.43955512481441
3.263524581161071,0.0003098283970185349,0.8331671980029455,0.8683726599470575,2.453751612669645
3.261150813008464,0.00030697113673740136,0.8322675635126325,0.867469131807476,2.4680914665610554
3.258777044855857,0.0003045487336115905,0.8313261074674431,0.8665341906791507,2.482508840172715
3.2564032767032502,0.00030686341999642294,0.830313984282971,0.8655758511532207,2.4971071438981105
3.2540295085506434,0.00030454984283551464,0.8292198393009256,0.8645872934770503,2.5119371506298656
3.2516557403980366,0.0003025048096593904,0.8280581980460717,0.8635602304107552,2.5270325740069186
3.24928197224543,0.00032000341177868804,0.8268860027248657,0.862515806361486,2.5425591527556723
3.246908204092823,0.00029851802895566003,0.8257126242918019,0.8614582386165662,2.558496699007111
3.244534435940216,0.0003055641821373524,0.8245130415820066,0.8603727681280522,2.5747674548945003
3.2421606677876094,0.00030823243241614935,0.8234845008773005,0.8592475141039624,2.5945312908531344
3.2397868996350025,0.00031068134893339947,0.8226905052636987,0.8580775122740562,2.618870793967563
3.2374131314823957,0.00031373139881740595,0.8218823473717154,0.8567856542136701,2.645565794038395
3.235039363329789,0.00031045175327457824,0.8209114259521736,0.8553594486865149,2.672795513039169
3.232665595177182,0.0003118240957406873,0.8198057302277395,0.8538313846934233,2.7003486554005782
3.2302918270245753,0.000318795219945492,0.8185747744751737,0.8522069162216732,2.72815302608514
3.2279180588719685,0.00033596118205803615,0.817160984742922,0.850466492531935,2.756296672254581
3.2255442907193617,0.0003140262206223832,0.8153762153137175,0.8486231456438474,2.7851474373733156
3.223170522566755,0.0003257951713149945,0.813579294878567,0.8467622532745578,2.8157729651787733
3.220796754414148,0.00032794226350518193,0.811792577470312,0.8448540495949157,2.848009899210404
3.218422986261541,0.0003944593274142186,0.8099074416382169,0.8428221075488768,2.8812995781371584
3.2160492181089344,0.0003863190129439194,0.810622528721543,0.8406721830010236,2.95746459599374
3.2136754499563276,0.0004127103030109789,0.8116241725531507,0.8379558717066214,3.0510085713348962
3.2113016818037208,0.00039889160442234547,0.8118888681336166,0.8347299251707292,3.1445643743007077
3.208927913651114,0.0003401680712028185,0.8115378589176229,0.8310564618215662,3.2379503422152376
3.206554145498507,0.0007311537706282215,0.8105282786829642,0.8269431662565163,3.331414960667199
3.2041803773459003,0.00017726132043755972,0.808950308921631,0.8224072180528132,3.424707889549656
3.2018066091932935,0.00020339784772277966,0.8068843747339283,0.8175115347749022,3.5177829170668584
3.1994328410406867,0.0016760084267019011,0.8033789079967188,0.8122847426300333,3.615073132189578
