asset,shock,welfare,welfare_level
-2.0,1.0,-0.03570055994695581,0.018901753158289125
-1.898989898989899,1.0,-0.03721513815397313,0.01949999252086343
-1.797979797979798,1.0,-0.038643388055006216,0.020088533533140662
-1.696969696969697,1.0,-0.039725246407355586,0.020504447008036664
-1.595959595959596,1.0,-0.04090678644442169,0.020979483109613284
-1.494949494949495,1.0,-0.042011541250434624,0.021420112335427177
-1.393939393939394,1.0,-0.042964200658433344,0.021784996220141295
-1.292929292929293,1.0,-0.04391468499567916,0.022150532256176803
-1.1919191919191918,1.0,-0.044868987510063796,0.022519212800673927
-1.0909090909090908,1.0,-0.04573397503765523,0.022843695794684038
-0.98989898989899,1.0,-0.0466913125850829,0.023215205887140655
-0.8888888888888888,1.0,-0.04753240476710804,0.023529309351602024
-0.7878787878787878,1.0,-0.04835075515433475,0.023832287040967515
-0.6868686868686869,1.0,-0.04918329497076895,0.024142327165876054
-0.5858585858585859,1.0,-0.049989737395651095,0.024439576483494818
-0.48484848484848486,1.0,-0.05076734448048503,0.024722683945654467
-0.3838383838383838,1.0,-0.05152861210381826,0.024997710523578576
-0.2828282828282828,1.0,-0.05234939651809951,0.025301372870480066
-0.18181818181818182,1.0,-0.05309126043764712,0.025566842615297958
-0.08080808080808081,1.0,-0.05384087194469546,0.02583580587924672
0.020202020202020204,1.0,-0.05457286923451655,0.026096045971385706
0.12121212121212122,1.0,-0.05530015188075016,0.02635373770454663
0.2222222222222222,1.0,-0.05601398059096573,0.026604748604086126
0.32323232323232326,1.0,-0.05671477715207848,0.026849301101634637
0.42424242424242425,1.0,-0.057412599515908075,0.02709213215084816
0.5252525252525253,1.0,-0.05809949676479547,0.02732949182318123
0.6262626262626263,1.0,-0.05877923896371618,0.02756316871358422
0.7272727272727273,1.0,-0.0594600406148816,0.027797010601574357
0.8282828282828283,1.0,-0.06017830187696633,0.02804804637112568
0.9292929292929293,1.0,-0.06083601741553605,0.028270501771245904
1.0303030303030303,1.0,-0.061501406108001797,0.02849617020592632
1.1313131313131313,1.0,-0.062150496270020054,0.028713966895352883
1.2323232323232323,1.0,-0.06279354448747138,0.02892863833501025
1.3333333333333333,1.0,-0.06344242677940004,0.02914566034325361
1.4343434343434343,1.0,-0.06408499649048277,0.029359442911264466
1.5353535353535352,1.0,-0.0647145175391442,0.02956690774222892
1.6363636363636365,1.0,-0.06534444340741662,0.029774217954425808
1.7373737373737375,1.0,-0.06597758181548778,0.029982647051795652
1.8383838383838385,1.0,-0.06659569086479612,0.030183903057547923
1.9393939393939394,1.0,-0.06720903968583593,0.03038267222807889
2.04040404040404,1.0,-0.06782073294395088,0.030580364212916322
2.1414141414141414,1.0,-0.0684622489207422,0.030791150694227554
2.242424242424242,1.0,-0.06906295990479795,0.030983271894655218
2.3434343434343434,1.0,-0.06966256673526593,0.03117457217516062
2.4444444444444446,1.0,-0.07025652681615648,0.03136302119675349
2.5454545454545454,1.0,-0.0708535190945608,0.03155251213705412
2.6464646464646466,1.0,-0.07144334714182647,0.03173849337677126
2.7474747474747474,1.0,-0.07203831016886893,0.03192643111380278
2.8484848484848486,1.0,-0.07263035567208098,0.032112752633686625
2.9494949494949494,1.0,-0.07321022541305777,0.03229337802209642
3.0505050505050506,1.0,-0.07378478807827513,0.03247135645029431
3.1515151515151514,1.0,-0.07435761965966646,0.032648271620836056
3.2525252525252526,1.0,-0.07493231019632801,0.03282570118016537
3.3535353535353534,1.0,-0.07550263906972013,0.03300091731382793
3.4545454545454546,1.0,-0.07606781276001169,0.03317358400557424
3.5555555555555554,1.0,-0.07663073773818144,0.03334497685212767
3.6565656565656566,1.0,-0.07718849547590062,0.03351383251285256
3.757575757575758,1.0,-0.07774433423790064,0.03368156945538203
3.8585858585858586,1.0,-0.07832582319097564,0.03386014018039418
3.95959595959596,1.0,-0.07887917129929735,0.0340262464827461
4.0606060606060606,1.0,-0.07943392468212068,0.0341926719282597
4.161616161616162,1.0,-0.07998451085307756,0.03435701742809272
4.262626262626263,1.0,-0.08053435458269131,0.03452076628657608
4.363636363636363,1.0,-0.08107600021581922,0.03468073166683894
4.4646464646464645,1.0,-0.08161445519068891,0.034839065410970704
4.565656565656566,1.0,-0.08215757411488982,0.03499912519827575
4.666666666666667,1.0,-0.08269759941829659,0.03515759932192708
4.767676767676767,1.0,-0.08323199379032153,0.03531341405562216
4.8686868686868685,1.0,-0.08376403870966354,0.035467971759437944
4.96969696969697,1.0,-0.08429306688530185,0.03562099587929879
5.070707070707071,1.0,-0.0848198933809211,0.03577283740891346
5.171717171717172,1.0,-0.0853452501766949,0.035923809709196064
5.2727272727272725,1.0,-0.08586943170175738,0.036074038469550374
5.373737373737374,1.0,-0.08639409724887266,0.03622422233466693
5.474747474747475,1.0,-0.0869179150107025,0.036373801761975244
5.575757575757576,1.0,-0.08743833570490413,0.03652171094359602
5.6767676767676765,1.0,-0.08795519408122582,0.036667889377241636
5.777777777777778,1.0,-0.088489427529573,0.036821059700621106
5.878787878787879,1.0,-0.08899964366643541,0.036964010919263046
5.97979797979798,1.0,-0.08950991010704562,0.03710675128198204
6.08080808080808,1.0,-0.09001890728593369,0.037248734007981454
6.181818181818182,1.0,-0.0905264082597371,0.037389867543836885
6.282828282828283,1.0,-0.09103306214927848,0.03753042273898899
6.383838383838384,1.0,-0.09153966749552005,0.03767073463215098
6.484848484848484,1.0,-0.09204168462601163,0.03780893535314078
6.585858585858586,1.0,-0.09254524645805094,0.037947547762293254
6.686868686868687,1.0,-0.09304476142239106,0.03808428440718359
6.787878787878788,1.0,-0.09354047860839802,0.038219253125276964
6.888888888888889,1.0,-0.09403504395695807,0.03835353732242197
6.98989898989899,1.0,-0.09453205996003057,0.038488606882793874
7.090909090909091,1.0,-0.09502721581028012,0.038622705050130435
7.191919191919192,1.0,-0.09552109402242621,0.03875607156931693
7.292929292929293,1.0,-0.09601238282571095,0.03888817912449838
7.393939393939394,1.0,-0.09649879157720165,0.03901810718616616
7.494949494949495,1.0,-0.09698393815317131,0.039147324411942463
7.595959595959596,1.0,-0.0974677412786725,0.03927580076878456
7.696969696969697,1.0,-0.0979509537458769,0.03940384138793007
7.797979797979798,1.0,-0.09843309611537852,0.039531254546730565
7.898989898989899,1.0,-0.098914148903088,0.039658034370276596
8.0,1.0,-0.09939291907268523,0.03978370576995616
-2.0,2.0,-0.03696156834441398,0.019219797279603767
-1.898989898989899,2.0,-0.038293675625010126,0.019770357232069102
-1.797979797979798,2.0,-0.03966052731788539,0.020344904009853337
-1.696969696969697,2.0,-0.04073223965711623,0.02077239382919771
-1.595959595959596,2.0,-0.04177424300259075,0.02118593323712048
-1.494949494949495,2.0,-0.0428006466348011,0.021592719456045018
-1.393939393939394,2.0,-0.04380812723788729,0.021990756171895498
-1.292929292929293,2.0,-0.04476937739107036,0.02236575128886642
-1.1919191919191918,2.0,-0.04568284341026774,0.02271769985521388
-1.0909090909090908,2.0,-0.046566563009887055,0.023055001797253283
-0.98989898989899,2.0,-0.04742036362349398,0.023377407452372267
-0.8888888888888888,2.0,-0.048281492005313856,0.023703300124232385
-0.7878787878787878,2.0,-0.04911763603845825,0.024016779057340898
-0.6868686868686869,2.0,-0.0499205523410838,0.02431381890278317
-0.5858585858585859,2.0,-0.05070464572586973,0.024601436061452375
-0.48484848484848486,2.0,-0.05152693415856359,0.024907354442653684
-0.3838383838383838,2.0,-0.05228988278771187,0.02518436819562453
-0.2828282828282828,2.0,-0.05306306579180701,0.02546596484175012
-0.18181818181818182,2.0,-0.05380761506399714,0.025733461466707297
-0.08080808080808081,2.0,-0.054550475207950616,0.025999783719903746
0.020202020202020204,2.0,-0.05528159080089569,0.02626015872475307
0.12121212121212122,2.0,-0.05599646779722233,0.026512482680821847
0.2222222222222222,2.0,-0.056708302524430695,0.026762988494233753
0.32323232323232326,2.0,-0.0574081350910489,0.02700745423544504
0.42424242424242425,2.0,-0.05810009192967298,0.0272478424088618
0.5252525252525253,2.0,-0.05883199642696951,0.027506530427245934
0.6262626262626263,2.0,-0.05950995983806242,0.02773969285024691
0.7272727272727273,2.0,-0.060178538795840814,0.027968094033738566
0.8282828282828283,2.0,-0.06085376628124532,0.028199189788573165
0.9292929292929293,2.0,-0.061513674496122515,0.028422823489229643
1.0303030303030303,2.0,-0.06216604405439143,0.028642602866476352
1.1313131313131313,2.0,-0.06282344444619226,0.02886432620598356
1.2323232323232323,2.0,-0.06347553104580936,0.029083234235940836
1.3333333333333333,2.0,-0.06411322061670177,0.02929517391122971
1.4343434343434343,2.0,-0.06475425923555612,0.029508269366466777
1.5353535353535352,2.0,-0.0653932114961302,0.02972003945495061
1.6363636363636365,2.0,-0.06601639644094683,0.029924277997643856
1.7373737373737375,2.0,-0.06663678858834787,0.0301268972087243
1.8383838383838385,2.0,-0.06725541023218845,0.030328362309056445
1.9393939393939394,2.0,-0.06789701436966537,0.030539859329707042
2.04040404040404,2.0,-0.06850437194338947,0.030735585202954496
2.1414141414141414,2.0,-0.06911024906220653,0.030930299145879303
2.242424242424242,2.0,-0.06971045146062485,0.03112212805977066
2.3434343434343434,2.0,-0.07031315477027851,0.03131474093779474
2.4444444444444446,2.0,-0.07090911548219998,0.03150401265037317
2.5454545454545454,2.0,-0.07151198019420056,0.031696005598263355
2.6464646464646466,2.0,-0.07210990890632357,0.031885466354900416
2.7474747474747474,2.0,-0.07269146981723852,0.032067364634265516
2.8484848484848486,2.0,-0.07327121079774541,0.032248140324107055
2.9494949494949494,2.0,-0.07384872429393731,0.03242761832417784
3.0505050505050506,2.0,-0.07442830455610915,0.032607687067404356
3.1515151515151514,2.0,-0.07500344852193248,0.03278549471281167
3.2525252525252526,2.0,-0.07557315538196153,0.03296061532558525
3.3535353535353534,2.0,-0.07614063078338801,0.03313445588348429
3.4545454545454546,2.0,-0.07670268539565894,0.033305635598452454
3.5555555555555554,2.0,-0.07728625256565803,0.033485852153077644
3.6565656565656566,2.0,-0.07784421121485396,0.033654679920473995
3.757575757575758,2.0,-0.07840395723721834,0.033823982418617504
3.8585858585858586,2.0,-0.07896270036528695,0.033992551537323834
3.95959595959596,2.0,-0.0795157794093118,0.03415838686740358
4.0606060606060606,2.0,-0.0800676422866671,0.03432341380487003
4.161616161616162,2.0,-0.08061341431183747,0.034485550409179666
4.262626262626263,2.0,-0.08115540718142733,0.03464579341724061
4.363636363636363,2.0,-0.08170174706001865,0.03480761735618643
4.4646464646464645,2.0,-0.08224563978439357,0.034968121584668665
4.565656565656566,2.0,-0.08278337258656758,0.03512573187696688
4.666666666666667,2.0,-0.08331881584155054,0.035282101434020774
4.767676767676767,2.0,-0.08385112028497245,0.03543687678493512
4.8686868686868685,2.0,-0.08438114175982346,0.03559042652835842
4.96969696969697,2.0,-0.08490960787274154,0.03574306268250638
5.070707070707071,2.0,-0.0854368529966795,0.035894927966168666
5.171717171717172,2.0,-0.08596658835946429,0.03604758182636658
5.2727272727272725,2.0,-0.08649341576257524,0.0361987580677976
5.373737373737374,2.0,-0.08701664561027017,0.036348172699923964
5.474747474747475,2.0,-0.08753968689683582,0.03649725684309857
5.575757575757576,2.0,-0.08806799157555902,0.03664829976708006
5.6767676767676765,2.0,-0.08858097168834235,0.03679272011334689
5.777777777777778,2.0,-0.08909390837268928,0.03693688398492867
5.878787878787879,2.0,-0.0896055569046224,0.037080275848445865
5.97979797979798,2.0,-0.09011569111821224,0.03722280461177263
6.08080808080808,2.0,-0.09062488759247422,0.03736471134692465
6.181818181818182,2.0,-0.09113397303280256,0.03750634273691844
6.282828282828283,2.0,-0.09163867859474893,0.037645942733476545
6.383838383838384,2.0,-0.09214451800264328,0.037785779921506446
6.484848484848484,2.0,-0.0926467016608724,0.0379238955866299
6.585858585858586,2.0,-0.0931447032465868,0.03806008058253951
6.686868686868687,2.0,-0.09364336875405625,0.038196316331223557
6.787878787878788,2.0,-0.09414267177966358,0.038332591348591905
6.888888888888889,2.0,-0.09464006730046949,0.03846787053301881
6.98989898989899,2.0,-0.0951360768746943,0.038602369038784445
7.090909090909091,2.0,-0.0956273750738579,0.038734744974682656
7.191919191919192,2.0,-0.09611591731390613,0.03886579756781572
7.292929292929293,2.0,-0.0966031862058222,0.038996130053334355
7.393939393939394,2.0,-0.097089033047011,0.03912568532685867
7.494949494949495,2.0,-0.09757428556555416,0.03925479889171157
7.595959595959596,2.0,-0.09805843141253794,0.03938326586666108
7.696969696969697,2.0,-0.09854151009924916,0.03951110413347436
7.797979797979798,2.0,-0.09903685022140286,0.039643651602204955
7.898989898989899,2.0,-0.09951744727670779,0.039770108124436376
8.0,2.0,-0.09999516372022096,0.039895219543645055
-2.0,3.0,-0.047712880097111485,0.02287127923410992
-1.898989898989899,3.0,-0.048860253463119487,0.023285005215612387
-1.797979797979798,3.0,-0.050189333952092303,0.023803264793976098
-1.696969696969697,3.0,-0.051111545958550816,0.024131904016606143
-1.595959595959596,3.0,-0.052266443275303616,0.024574463466869645
-1.494949494949495,3.0,-0.05318753758951035,0.024909419002966615
-1.393939393939394,3.0,-0.05410003896865317,0.025241353531562538
-1.292929292929293,3.0,-0.05501123444540994,0.025573463436856514
-1.1919191919191918,3.0,-0.05583802756842988,0.02586688083237476
-1.0909090909090908,3.0,-0.05665626505699463,0.026156583633834884
-0.98989898989899,3.0,-0.057564497337415775,0.026488091844527162
-0.8888888888888888,3.0,-0.05836659466287783,0.026770955248395012
-0.7878787878787878,3.0,-0.059131873008753756,0.027036818488781478
-0.6868686868686869,3.0,-0.059903784051589186,0.027305637352931456
-0.5858585858585859,3.0,-0.06067053830122548,0.02757201416516608
-0.48484848484848486,3.0,-0.06141166202231117,0.02782659111265673
-0.3838383838383838,3.0,-0.06213362236878234,0.028072262157614603
-0.2828282828282828,3.0,-0.06286163004025568,0.028320427883251398
-0.18181818181818182,3.0,-0.0635752395052703,0.028561866247933665
-0.08080808080808081,3.0,-0.06432469038131758,0.028819224219091666
0.020202020202020204,3.0,-0.06502070291675285,0.02905230989533436
0.12121212121212122,3.0,-0.06570639504649461,0.029280515981341182
0.2222222222222222,3.0,-0.06638325819840546,0.029504507768606913
0.32323232323232326,3.0,-0.06706080678120924,0.029728530398500652
0.42424242424242425,3.0,-0.06773334503467675,0.029950034759458788
0.5252525252525253,3.0,-0.06840299612052954,0.030169941658208188
0.6262626262626263,3.0,-0.06906026919075905,0.030384071125567402
0.7272727272727273,3.0,-0.06970443064674088,0.030592126088997418
0.8282828282828283,3.0,-0.07034688090960368,0.030799129721174268
0.9292929292929293,3.0,-0.0709822079488446,0.031002708675458734
1.0303030303030303,3.0,-0.07161435843969055,0.031204591024511785
1.1313131313131313,3.0,-0.07227328841539296,0.03141785504664796
1.2323232323232323,3.0,-0.07289126639100264,0.03161298996244
1.3333333333333333,3.0,-0.07350638385212041,0.03180658045633322
1.4343434343434343,3.0,-0.07412453580155878,0.03200118354494208
1.5353535353535352,3.0,-0.07474100599386266,0.03219474872289396
1.6363636363636365,3.0,-0.07535546770762759,0.03238714393386033
1.7373737373737375,3.0,-0.07595807651454317,0.03257414287102023
1.8383838383838385,3.0,-0.0765539719868223,0.032757964199333856
1.9393939393939394,3.0,-0.07714846801887297,0.03294089199940231
2.04040404040404,3.0,-0.07773865015830395,0.03312168352079681
2.1414141414141414,3.0,-0.0783245503731689,0.03330035896441075
2.242424242424242,3.0,-0.07890757870114998,0.03347752593964515
2.3434343434343434,3.0,-0.0794852389492703,0.033652130056232465
2.4444444444444446,3.0,-0.08005866917333489,0.03382466091422032
2.5454545454545454,3.0,-0.0806308965336884,0.03399640461672959
2.6464646464646466,3.0,-0.08122987469924815,0.03417912986978422
2.7474747474747474,3.0,-0.08180042621762919,0.03434961865661279
2.8484848484848486,3.0,-0.08236448468489581,0.03451710222855553
2.9494949494949494,3.0,-0.08292104513712296,0.03468117341729027
3.0505050505050506,3.0,-0.08347592055826857,0.03484427245710009
3.1515151515151514,3.0,-0.08403425805279208,0.0350085547333947
3.2525252525252526,3.0,-0.08459421600762462,0.03517324308194958
3.3535353535353534,3.0,-0.08514684216643188,0.03533461871127486
3.4545454545454546,3.0,-0.08569381908332746,0.03549339215522451
3.5555555555555554,3.0,-0.08623836465439971,0.03565090195560572
3.6565656565656566,3.0,-0.08677919725959793,0.03580662280936764
3.757575757575758,3.0,-0.08731709603760465,0.035960883859907256
3.8585858585858586,3.0,-0.08785450505828911,0.03611469583741922
3.95959595959596,3.0,-0.08839332609925352,0.03626883836096795
4.0606060606060606,3.0,-0.08892921068457242,0.03642152651491415
4.161616161616162,3.0,-0.08946198358436308,0.03657269375732852
4.262626262626263,3.0,-0.08998968028360617,0.03672154502220337
4.363636363636363,3.0,-0.09051300518785253,0.036868376673460546
4.4646464646464645,3.0,-0.09103419272410533,0.037014105444441725
4.565656565656566,3.0,-0.09157607901248617,0.03716800464820125
4.666666666666667,3.0,-0.09209614498027245,0.03731282415672155
4.767676767676767,3.0,-0.09261291410892054,0.037456078208123245
4.8686868686868685,3.0,-0.09312722438230028,0.03759811181609507
4.96969696969697,3.0,-0.09363901247433806,0.03773890412758618
5.070707070707071,3.0,-0.09414854358966133,0.03787856607211637
5.171717171717172,3.0,-0.09465980308981357,0.03801870397116858
5.2727272727272725,3.0,-0.09517201298569591,0.03815900501754044
5.373737373737374,3.0,-0.0956784717070822,0.03829678677259807
5.474747474747475,3.0,-0.09618378213077265,0.038433895056201095
5.575757575757576,3.0,-0.09668808531751515,0.03857038565526949
5.6767676767676765,3.0,-0.0971918442763352,0.03870644595313166
5.777777777777778,3.0,-0.0976918958631135,0.038840820728339054
5.878787878787879,3.0,-0.09818676323843473,0.038972930620722934
5.97979797979798,3.0,-0.09868103364267179,0.03910460163198337
6.08080808080808,3.0,-0.09917461334552197,0.03923579842835068
6.181818181818182,3.0,-0.09966617085529393,0.03936599666543117
6.282828282828283,3.0,-0.10015619019568266,0.03949538973103728
6.383838383838384,3.0,-0.10064495815221111,0.039624092950347745
6.484848484848484,3.0,-0.10113129134556331,0.03975164402587694
6.585858585858586,3.0,-0.10161589066554554,0.039878322598482896
6.686868686868687,3.0,-0.10209748533507507,0.04000363405149443
6.787878787878788,3.0,-0.1025780429792524,0.04012835223281286
6.888888888888889,3.0,-0.10307438838754678,0.04025905615134917
6.98989898989899,3.0,-0.10355212990009019,0.04038230992904346
7.090909090909091,3.0,-0.10402983777566738,0.0405053675726208
7.191919191919192,3.0,-0.1045069578341347,0.04062801353153844
7.292929292929293,3.0,-0.10498236245941996,0.040749811010570625
7.393939393939394,3.0,-0.10545655697011191,0.04087095900333537
7.494949494949495,3.0,-0.10592812759919633,0.04099091347953987
7.595959595959596,3.0,-0.10639930022043471,0.041110540385112415
7.696969696969697,3.0,-0.10687134915832402,0.041230334155351045
7.797979797979798,3.0,-0.10733948959101157,0.041348449903246376
7.898989898989899,3.0,-0.10780467177638127,0.04146525732514306
8.0,3.0,-0.10826874054035003,0.04158146879559155
-2.0,4.0,-0.04981782616053385,0.023512488671336484
-1.898989898989899,4.0,-0.05098069085508666,0.023961685607844174
-1.797979797979798,4.0,-0.05196859090244778,0.024330263601960667
-1.696969696969697,4.0,-0.05295349452408043,0.024698440302259428
-1.595959595959596,4.0,-0.05391277546732193,0.02505507790208128
-1.494949494949495,4.0,-0.054777739132403414,0.02536814213008398
-1.393939393939394,4.0,-0.055632320734369085,0.025676452056188737
-1.292929292929293,4.0,-0.05653474908923873,0.026006774137670163
-1.1919191919191918,4.0,-0.05735715480571641,0.026300619287816573
-1.0909090909090908,4.0,-0.05816306059374872,0.026586614225138305
-0.98989898989899,4.0,-0.058962843690235106,0.02686960594151344
-0.8888888888888888,4.0,-0.05974987787160159,0.02714658765557232
-0.7878787878787878,4.0,-0.0605087408815193,0.027410514149124765
-0.6868686868686869,4.0,-0.06124871932903106,0.027665583683436523
-0.5858585858585859,4.0,-0.06198336568045281,0.027917946765853685
-0.48484848484848486,4.0,-0.06272593622320387,0.02817356090867662
-0.3838383838383838,4.0,-0.06347312715717332,0.028430892407065755
-0.2828282828282828,4.0,-0.06418390793411022,0.02867166727649817
-0.18181818181818182,4.0,-0.06488331203093538,0.02890703767385361
-0.08080808080808081,4.0,-0.06557306919026779,0.029137776124414927
0.020202020202020204,4.0,-0.06626486114846826,0.029369096760859748
0.12121212121212122,4.0,-0.06694792182047708,0.0295962002573944
0.2222222222222222,4.0,-0.06761952822451632,0.029817888343522725
0.32323232323232326,4.0,-0.06829440079581985,0.03004065861352956
0.42424242424242425,4.0,-0.0689527155248054,0.030255791706792934
0.5252525252525253,4.0,-0.06960442989521057,0.030467689667169395
0.6262626262626263,4.0,-0.07024922041530689,0.03067621729731229
0.7272727272727273,4.0,-0.07088993753899042,0.030882626018296833
0.8282828282828283,4.0,-0.07152273981402557,0.03108525194192424
0.9292929292929293,4.0,-0.0721732015900442,0.03129523829154124
1.0303030303030303,4.0,-0.07279673649550293,0.03149321812685457
1.1313131313131313,4.0,-0.0734219468630233,0.03169159754721562
1.2323232323232323,4.0,-0.07403985361459246,0.03188649355407591
1.3333333333333333,4.0,-0.07466671832254847,0.03208491982106665
1.4343434343434343,4.0,-0.075280079485054,0.03227720800188649
1.5353535353535352,4.0,-0.07588345975659201,0.03246489385977469
1.6363636363636365,4.0,-0.07648454266911237,0.03265128094513159
1.7373737373737375,4.0,-0.07708104628877852,0.03283539854337647
1.8383838383838385,4.0,-0.07767338798377525,0.03301743253489775
1.9393939393939394,4.0,-0.07826224816888969,0.033197680551445785
2.04040404040404,4.0,-0.07884568979819898,0.033375326947634676
2.1414141414141414,4.0,-0.07942507757903801,0.03355095799259544
2.242424242424242,4.0,-0.08000275132499862,0.03372556954506223
2.3434343434343434,4.0,-0.08057591672728688,0.03389798758593798
2.4444444444444446,4.0,-0.08115032568057491,0.03407063404021926
2.5454545454545454,4.0,-0.08174240287692178,0.03425041470649859
2.6464646464646466,4.0,-0.08230803911870543,0.03441881920933554
2.7474747474747474,4.0,-0.08286805457492542,0.03458458981014445
2.8484848484848486,4.0,-0.08343218407419617,0.03475180211034257
2.9494949494949494,4.0,-0.08399719356676938,0.03491909735941334
3.0505050505050506,4.0,-0.08455377785951047,0.03508261390550871
3.1515151515151514,4.0,-0.0851053970335911,0.03524380011576511
3.2525252525252526,4.0,-0.08565433628826231,0.035403607823084826
3.3535353535353534,4.0,-0.08619934159201088,0.03556152416771141
3.4545454545454546,4.0,-0.0867416847044251,0.03571808192877768
3.5555555555555554,4.0,-0.08728331986630342,0.035874089474695836
3.6565656565656566,4.0,-0.08782292300262419,0.036029004028897305
3.757575757575758,4.0,-0.08836066853972188,0.03618290086346576
3.8585858585858586,4.0,-0.0888975274892672,0.03633617961201452
3.95959595959596,4.0,-0.08943263701748806,0.036488488658072527
4.0606060606060606,4.0,-0.08996198336233865,0.036638197479987866
4.161616161616162,4.0,-0.09048704460476094,0.036785918775450455
4.262626262626263,4.0,-0.09101172722520458,0.0369332461618157
4.363636363636363,4.0,-0.09153521870347923,0.03707984990813884
4.4646464646464645,4.0,-0.0920716050977706,0.0372314346020346
4.565656565656566,4.0,-0.09258935254706115,0.03737525347467141
4.666666666666667,4.0,-0.09310451128116926,0.037517796293037975
4.767676767676767,4.0,-0.09361719923024629,0.03765911480231665
4.8686868686868685,4.0,-0.09413230390256948,0.03780117819736262
4.96969696969697,4.0,-0.09464805077993291,0.0379432732943954
5.070707070707071,4.0,-0.09515707712575106,0.03808245381711117
5.171717171717172,4.0,-0.09566219165922749,0.03821984971391146
5.2727272727272725,4.0,-0.09616831390163406,0.03835742915891416
5.373737373737374,4.0,-0.09667528300194231,0.03849512721139803
5.474747474747475,4.0,-0.09717937868204987,0.03863146405640805
5.575757575757576,4.0,-0.09768106919574161,0.038766630054553275
5.6767676767676765,4.0,-0.09817851442943423,0.03889990167942159
5.777777777777778,4.0,-0.09867488488202279,0.03903254072645268
5.878787878787879,4.0,-0.09916920265174461,0.039164163091427895
5.97979797979798,4.0,-0.09966197617013249,0.039294971947605006
6.08080808080808,4.0,-0.10015318723961747,0.03942496266325435
6.181818181818182,4.0,-0.1006423040784257,0.03955392969554339
6.282828282828283,4.0,-0.10112932331900777,0.03968187605639173
6.383838383838384,4.0,-0.10161356790047298,0.039808540195799935
6.484848484848484,4.0,-0.10209665402764447,0.03993455819406222
6.585858585858586,4.0,-0.1025785500990206,0.04005992004346837
6.686868686868687,4.0,-0.10305866909508603,0.04018439946725039
6.787878787878788,4.0,-0.10355078275885155,0.040313365434684556
6.888888888888889,4.0,-0.10402784849013731,0.040436290296653965
6.98989898989899,4.0,-0.1045056599262446,0.04055932001058693
7.090909090909091,4.0,-0.1049822893906649,0.04068170638498003
7.191919191919192,4.0,-0.1054569094496432,0.04080313206573294
7.292929292929293,4.0,-0.10593391386122095,0.04092529872264805
7.393939393939394,4.0,-0.10640904676953182,0.04104656486700975
7.494949494949495,4.0,-0.10687887339032405,0.041165609438252204
7.595959595959596,4.0,-0.10734630920002315,0.0412835598809167
7.696969696969697,4.0,-0.1078126869714065,0.041400931572724176
7.797979797979798,4.0,-0.10827829813781734,0.041517838475854774
7.898989898989899,4.0,-0.10874290525748466,0.04163419220962794
8.0,4.0,-0.10920557059169088,0.041749636676591706
-2.0,5.0,-0.0637161889901189,0.027841430022036207
-1.898989898989899,5.0,-0.06470836636328205,0.028182942667100974
-1.797979797979798,5.0,-0.06586077360270635,0.02859909665199467
-1.696969696969697,5.0,-0.0667226900612198,0.028891359471408862
-1.595959595959596,5.0,-0.06757169344272193,0.02917913836821384
-1.494949494949495,5.0,-0.06834518219900718,0.029434954517775225
-1.393939393939394,5.0,-0.0691698660636331,0.02971323857804009
-1.292929292929293,5.0,-0.06995547766960929,0.02997515697518338
-1.1919191919191918,5.0,-0.07069133471091915,0.03021576330554865
-1.0909090909090908,5.0,-0.07141738893994454,0.030452222247205896
-0.98989898989899,5.0,-0.07213219470650464,0.03068384047062267
-0.8888888888888888,5.0,-0.07285074114523778,0.030916925132665085
-0.7878787878787878,5.0,-0.0735365754118835,0.03113599364013453
-0.6868686868686869,5.0,-0.07421586049234186,0.03135215053463014
-0.5858585858585859,5.0,-0.07488845315836833,0.03156530090014087
-0.48484848484848486,5.0,-0.07554917366087717,0.031773245438195374
-0.3838383838383838,5.0,-0.0762361755580826,0.031992076526790925
-0.2828282828282828,5.0,-0.07688262242137074,0.03219364834826166
-0.18181818181818182,5.0,-0.07753493251625229,0.03239743140140661
-0.08080808080808081,5.0,-0.0781809669581879,0.032598350358995276
0.020202020202020204,5.0,-0.07881029623585296,0.03279206100392429
0.12121212121212122,5.0,-0.0794332510639342,0.03298287266453315
0.2222222222222222,5.0,-0.08005255238479783,0.033171921048221975
0.32323232323232326,5.0,-0.08066650893784831,0.03335850659449591
0.42424242424242425,5.0,-0.08127461803730379,0.03354242146634334
0.5252525252525253,5.0,-0.08188103695493833,0.033725384944119696
0.6262626262626263,5.0,-0.0824847041307031,0.03390696232739998
0.7272727272727273,5.0,-0.08308186578504737,0.034085615223176546
0.8282828282828283,5.0,-0.08367779315163718,0.03426350051870486
0.9292929292929293,5.0,-0.08429311858956212,0.03444905475321747
1.0303030303030303,5.0,-0.08487339393529054,0.03462004903405358
1.1313131313131313,5.0,-0.08545045378817372,0.0347894823452819
1.2323232323232323,5.0,-0.08602679781124563,0.03495837208957653
1.3333333333333333,5.0,-0.08660582951065636,0.03512810176786019
1.4343434343434343,5.0,-0.08717369985790409,0.035293062240363327
1.5353535353535352,5.0,-0.08773696387047983,0.03545591659176495
1.6363636363636365,5.0,-0.08829842218881528,0.03561779650284791
1.7373737373737375,5.0,-0.08885971588284663,0.03577936522362535
1.8383838383838385,5.0,-0.0894179329915876,0.0359394530473125
1.9393939393939394,5.0,-0.08997388503452121,0.03609838905138929
2.04040404040404,5.0,-0.09052710391416459,0.036255985732260854
2.1414141414141414,5.0,-0.0910774954772424,0.03641220826745695
2.242424242424242,5.0,-0.09162035640073016,0.03656518592350011
2.3434343434343434,5.0,-0.09216057831555352,0.036716880385348816
2.4444444444444446,5.0,-0.09270164142075135,0.0368686809419998
2.5454545454545454,5.0,-0.09323956680881094,0.037019011949738
2.6464646464646466,5.0,-0.09377245236270673,0.03716711375015791
2.7474747474747474,5.0,-0.09431983362409423,0.037320731538230234
2.8484848484848486,5.0,-0.09484512199472692,0.03746539324048115
2.9494949494949494,5.0,-0.09536999388573424,0.03760967241915125
3.0505050505050506,5.0,-0.0958934481693691,0.03775317887951957
3.1515151515151514,5.0,-0.09641579695192795,0.0378960332745919
3.2525252525252526,5.0,-0.09694112703288008,0.038039842285961356
3.3535353535353534,5.0,-0.09746421271787899,0.0381825559478699
3.4545454545454546,5.0,-0.09798241728991912,0.03832314315268803
3.5555555555555554,5.0,-0.09849751057331253,0.03846230198664813
3.6565656565656566,5.0,-0.09900872260071902,0.038599737830537606
3.757575757575758,5.0,-0.09951655348363878,0.038735652067387605
3.8585858585858586,5.0,-0.10002362160085225,0.038871067674328685
3.95959595959596,5.0,-0.10052851802762801,0.039005439245208606
4.0606060606060606,5.0,-0.10103099986568322,0.03913867540870086
4.161616161616162,5.0,-0.10153116893280084,0.03927081926504883
4.262626262626263,5.0,-0.10202829810691971,0.03940159358884188
4.363636363636363,5.0,-0.10252307742617703,0.03953126929139472
4.4646464646464645,5.0,-0.10301651194780245,0.039660237130526355
4.565656565656566,5.0,-0.10350821602705115,0.03978835097096578
4.666666666666667,5.0,-0.10399813913800873,0.03991559435377212
4.767676767676767,5.0,-0.1044900887840741,0.04004343198747051
4.8686868686868685,5.0,-0.10497952128424826,0.04017012089524741
4.96969696969697,5.0,-0.10548352795104955,0.04030219963417636
5.070707070707071,5.0,-0.10597072075146083,0.04042767028118277
5.171717171717172,5.0,-0.10645612445938521,0.040552276704787005
5.2727272727272725,5.0,-0.10693777331875272,0.04067527485244682
5.373737373737374,5.0,-0.10741591859290252,0.04079676705296009
5.474747474747475,5.0,-0.10789279342758573,0.04091760495858665
5.575757575757576,5.0,-0.10837236872856343,0.04103929562476338
5.6767676767676765,5.0,-0.1088488408758388,0.04115964096252611
5.777777777777778,5.0,-0.10932259549395366,0.04127879016814262
5.878787878787879,5.0,-0.10979416111308281,0.04139694620702983
5.97979797979798,5.0,-0.11026332761690814,0.041514033608393675
6.08080808080808,5.0,-0.11073055313693718,0.04163022834230645
6.181818181818182,5.0,-0.11119672970543848,0.04174586835546279
6.282828282828283,5.0,-0.11166195280355887,0.041860991464822916
6.383838383838384,5.0,-0.11212541472334983,0.04197529698128477
6.484848484848484,5.0,-0.11258733806897851,0.04208887076652701
6.585858585858586,5.0,-0.11304867482659743,0.04220207050218505
6.686868686868687,5.0,-0.11351040145897141,0.042315261236041124
6.787878787878788,5.0,-0.11397076561474434,0.04242779044909639
6.888888888888889,5.0,-0.11442963134228044,0.04253960977180782
6.98989898989899,5.0,-0.11488732316423277,0.04265084244792661
7.090909090909091,5.0,-0.11534165774459375,0.042760681872628936
7.191919191919192,5.0,-0.11579323415243935,0.04286935517354351
7.292929292929293,5.0,-0.11624525163042433,0.04297804920308579
7.393939393939394,5.0,-0.11669581112819813,0.043086065264212436
7.494949494949495,5.0,-0.11715836439209158,0.043198366348995876
7.595959595959596,5.0,-0.11760651135534288,0.04330522062892328
7.696969696969697,5.0,-0.11805311163792272,0.04341136968695025
7.797979797979798,5.0,-0.11849763593633308,0.04351662259551148
7.898989898989899,5.0,-0.1189405000512477,0.04362113589913008
8.0,5.0,-0.11938231039715838,0.04372513546810097
-2.0,6.0,-0.06685877278569839,0.028805498336843982
-1.898989898989899,6.0,-0.06774431495778527,0.02911164784541853
-1.797979797979798,6.0,-0.06851620214004041,0.029369055353228646
-1.696969696969697,6.0,-0.06928340953615258,0.029624436163544487
-1.595959595959596,6.0,-0.07004032787510325,0.02987537382722394
-1.494949494949495,6.0,-0.070802122495846,0.03012827150719488
-1.393939393939394,6.0,-0.07151913378461697,0.03036193889783334
-1.292929292929293,6.0,-0.07222809259380189,0.0305920113147522
-1.1919191919191918,6.0,-0.07292734016882933,0.030817782620573553
-1.0909090909090908,6.0,-0.07363975013953589,0.031048899405710984
-0.98989898989899,6.0,-0.07431842679460728,0.03126558610181007
-0.8888888888888888,6.0,-0.07498734205394642,0.03147790606831791
-0.7878787878787878,6.0,-0.07566295072148031,0.031692760836520506
-0.6868686868686869,6.0,-0.07632154597914603,0.0319002068549068
-0.5858585858585859,6.0,-0.0769732896199706,0.0321045236572175
-0.48484848484848486,6.0,-0.07761812030277919,0.03230568581013671
-0.3838383838383838,6.0,-0.07825359257927368,0.032502673848149755
-0.2828282828282828,6.0,-0.0788855127228394,0.03269790823251384
-0.18181818181818182,6.0,-0.079512184272476,0.032890690146416546
-0.08080808080808081,6.0,-0.0801313984569105,0.03308010680197526
0.020202020202020204,6.0,-0.08074843019682997,0.033268341596048856
0.12121212121212122,6.0,-0.08137017308128625,0.03345823266906933
0.2222222222222222,6.0,-0.08199776699074456,0.0336502454292571
0.32323232323232326,6.0,-0.08259732090475133,0.03383048925967813
0.42424242424242425,6.0,-0.0831912668634423,0.03400816000294071
0.5252525252525253,6.0,-0.08378121555297088,0.03418392453872343
0.6262626262626263,6.0,-0.08436756484778427,0.034357949889084693
0.7272727272727273,6.0,-0.08495249583898598,0.03453112557975402
0.8282828282828283,6.0,-0.08553928723267092,0.03470478540356936
0.9292929292929293,6.0,-0.0861176567735763,0.03487476499962838
1.0303030303030303,6.0,-0.08668880446646385,0.03504156108163414
1.1313131313131313,6.0,-0.08725822701184605,0.03520739802954154
1.2323232323232323,6.0,-0.08782835516524483,0.0353732564791116
1.3333333333333333,6.0,-0.08840007679300338,0.03553949232995279
1.4343434343434343,6.0,-0.08896523709911214,0.035702827615963884
1.5353535353535352,6.0,-0.08952179170448324,0.03586245409952227
1.6363636363636365,6.0,-0.09007324175860874,0.036019786383306496
1.7373737373737375,6.0,-0.09062232324400785,0.036175925202677206
1.8383838383838385,6.0,-0.09116865327137204,0.036330721943812705
1.9393939393939394,6.0,-0.09172442641347915,0.03648903209843013
2.04040404040404,6.0,-0.09227441915666346,0.03664482254669821
2.1414141414141414,6.0,-0.09281401674398576,0.0367962402015678
2.242424242424242,6.0,-0.09334898949628354,0.036945587757919895
2.3434343434343434,6.0,-0.09388041698458555,0.03709329977645126
2.4444444444444446,6.0,-0.09441100553822633,0.037240450029095484
2.5454545454545454,6.0,-0.09494025239688268,0.03738684489189836
2.6464646464646466,6.0,-0.09547161278633161,0.03753384224847167
2.7474747474747474,6.0,-0.09600554980861763,0.03768161959886385
2.8484848484848486,6.0,-0.09653538868200555,0.03782755933435311
2.9494949494949494,6.0,-0.09705688764513415,0.03797000848626908
3.0505050505050506,6.0,-0.09757310640183299,0.038110174664588214
3.1515151515151514,6.0,-0.09808715574855899,0.03824927939619016
3.2525252525252526,6.0,-0.09859993390477004,0.038387675618153594
3.3535353535353534,6.0,-0.09911208049684499,0.03852561434921142
3.4545454545454546,6.0,-0.09962229027521353,0.03866259064201216
3.5555555555555554,6.0,-0.10012966654980587,0.03879825941240256
3.6565656565656566,6.0,-0.10063469753613279,0.0389328136527709
3.757575757575758,6.0,-0.10113667335099995,0.03906598304218534
3.8585858585858586,6.0,-0.10163608735029646,0.03919796295235756
3.95959595959596,6.0,-0.10213405697877181,0.03932918792160933
4.0606060606060606,6.0,-0.10263030883325554,0.039459555222563836
4.161616161616162,6.0,-0.10313735811911244,0.039593882083821086
4.262626262626263,6.0,-0.10363679495362603,0.03972509103723354
4.363636363636363,6.0,-0.10413238100803746,0.03985462871968792
4.4646464646464645,6.0,-0.10462537594135057,0.03998298117309673
4.565656565656566,6.0,-0.10511506717135671,0.04010988119135561
4.666666666666667,6.0,-0.10560131132632256,0.04023528021069467
4.767676767676767,6.0,-0.10608484176369141,0.040359462849338
4.8686868686868685,6.0,-0.10656686819479867,0.040482893256601926
4.96969696969697,6.0,-0.1070476513346663,0.04060567253268488
5.070707070707071,6.0,-0.10753038390386957,0.040729013092487776
5.171717171717172,6.0,-0.108011374576728,0.040851516745547656
5.2727272727272725,6.0,-0.10848895331452159,0.040972554705042796
5.373737373737374,6.0,-0.10896447676435835,0.04109264311800587
5.474747474747475,6.0,-0.10943748649454554,0.04121161284542296
5.575757575757576,6.0,-0.10990852444005797,0.041329671748421504
5.6767676767676765,6.0,-0.11037817360591641,0.04144704185481629
5.777777777777778,6.0,-0.11084707549253867,0.041563966250542705
5.878787878787879,6.0,-0.11131577469661526,0.04168065037276136
5.97979797979798,6.0,-0.11178372323603786,0.04179688955952088
6.08080808080808,6.0,-0.1122501768035648,0.041912407141190045
6.181818181818182,6.0,-0.11271515923767592,0.04202721435672174
6.282828282828283,6.0,-0.11317906882857152,0.04214146230386007
6.383838383838384,6.0,-0.1136388575768335,0.04225402059095984
6.484848484848484,6.0,-0.11409712008067786,0.04236585826950545
6.585858585858586,6.0,-0.1145593588361753,0.04247901858152403
6.686868686868687,6.0,-0.11501746573456244,0.04259050286367483
6.787878787878788,6.0,-0.11547289509986709,0.04270084711474453
6.888888888888889,6.0,-0.11592670600580039,0.04281044843247628
6.98989898989899,6.0,-0.11637953167905807,0.04291954119015173
7.090909090909091,6.0,-0.11683089486292222,0.043027952547568304
7.191919191919192,6.0,-0.11728069922207264,0.04313564914610879
7.292929292929293,6.0,-0.11772846622319545,0.04324245849326758
7.393939393939394,6.0,-0.11817450688888564,0.043348498738779995
7.494949494949495,6.0,-0.11861943742019064,0.04345399949278317
7.595959595959596,6.0,-0.11906294960478304,0.043558852139128135
7.696969696969697,6.0,-0.11950886346573308,0.04366445751998782
7.797979797979798,6.0,-0.11995400881105069,0.04376966035739116
7.898989898989899,6.0,-0.12039614178572267,0.043873647018749296
8.0,6.0,-0.1208377002584994,0.04397731770887958
-2.0,7.0,-0.08388081486359576,0.03353991139498902
-1.898989898989899,7.0,-0.08476716739239111,0.03382633082841835
-1.797979797979798,7.0,-0.08548913565018465,0.03404768135511205
-1.696969696969697,7.0,-0.08607503642638793,0.034215470300893
-1.595959595959596,7.0,-0.086756047617173,0.034421292123866465
-1.494949494949495,7.0,-0.08736719065320005,0.03459941339483663
-1.393939393939394,7.0,-0.08797077378845324,0.03477453805654562
-1.292929292929293,7.0,-0.08857259194839194,0.03494892435090691
-1.1919191919191918,7.0,-0.08917449782906264,0.03512325918593007
-1.0909090909090908,7.0,-0.08977439059478513,0.03529667505555523
-0.98989898989899,7.0,-0.09038371732223341,0.035473646087638144
-0.8888888888888888,7.0,-0.09098431051792168,0.03564701655659519
-0.7878787878787878,7.0,-0.09156876242598967,0.035813888828919005
-0.6868686868686869,7.0,-0.09214542726570947,0.035977540296585175
-0.5858585858585859,7.0,-0.09271637656672506,0.03613878256638969
-0.48484848484848486,7.0,-0.09330340156435667,0.03630611767040648
-0.3838383838383838,7.0,-0.09387379727040158,0.036466796396119605
-0.2828282828282828,7.0,-0.09443881436898498,0.036625196937464466
-0.18181818181818182,7.0,-0.0949974704395467,0.036780937463746
-0.08080808080808081,7.0,-0.09555388188046944,0.036935614508202264
0.020202020202020204,7.0,-0.09611145333977088,0.037090543643977014
0.12121212121212122,7.0,-0.09666590589485034,0.03724406732234797
0.2222222222222222,7.0,-0.09721645815603484,0.037395885314872146
0.32323232323232326,7.0,-0.09776049956858522,0.037544999696166315
0.42424242424242425,7.0,-0.09830038263214357,0.03769232089128849
0.5252525252525253,7.0,-0.09883541396275551,0.03783758789663949
0.6262626262626263,7.0,-0.09936683289591962,0.03798127915855076
0.7272727272727273,7.0,-0.09989499811526256,0.03812353546893377
0.8282828282828283,7.0,-0.10042053145269708,0.038264597129959554
0.9292929292929293,7.0,-0.10094447537120561,0.03840486384477515
1.0303030303030303,7.0,-0.10146657121030679,0.03854423826260245
1.1313131313131313,7.0,-0.10198696790924264,0.03868277922246932
1.2323232323232323,7.0,-0.10250423648681148,0.0388199480569682
1.3333333333333333,7.0,-0.103036950336374,0.03896278219254867
1.4343434343434343,7.0,-0.10355259563284823,0.03909897042485966
1.5353535353535352,7.0,-0.10407184668528574,0.039236332886368075
1.6363636363636365,7.0,-0.10458266384783559,0.03937033024858749
1.7373737373737375,7.0,-0.10509048233153961,0.03950301729514649
1.8383838383838385,7.0,-0.10559504771835894,0.03963430087192421
1.9393939393939394,7.0,-0.10609666870956751,0.039764300968741395
2.04040404040404,7.0,-0.1065957033140311,0.039893155315120055
2.1414141414141414,7.0,-0.1070933770159271,0.0400213265940792
2.242424242424242,7.0,-0.10758857897572788,0.04014840352896698
2.3434343434343434,7.0,-0.1080809236886548,0.04027424419726344
2.4444444444444446,7.0,-0.10857122298008656,0.040399153202891114
2.5454545454545454,7.0,-0.10905924493284513,0.04052304743023427
2.6464646464646466,7.0,-0.10954527150943986,0.04064603431627489
2.7474747474747474,7.0,-0.11003017820603886,0.04076844098095478
2.8484848484848486,7.0,-0.11051598147680237,0.04089101515726412
2.9494949494949494,7.0,-0.1110005323233003,0.04101296086824391
3.0505050505050506,7.0,-0.11148397482020406,0.04113433344259221
3.1515151515151514,7.0,-0.11196564683038983,0.041254890890641605
3.2525252525252526,7.0,-0.11244299592413128,0.04137369679686742
3.3535353535353534,7.0,-0.11291859406058968,0.04149170230873267
3.4545454545454546,7.0,-0.11339309481391992,0.041609149797530165
3.5555555555555554,7.0,-0.1138766683526644,0.04172977225132968
3.6565656565656566,7.0,-0.1143469251182296,0.04184536493318092
3.757575757575758,7.0,-0.11481572875719875,0.0419602757516202
3.8585858585858586,7.0,-0.1152856651429429,0.042075452185912354
3.95959595959596,7.0,-0.11575046058996026,0.042188606815365404
4.0606060606060606,7.0,-0.1162131743518892,0.04230085862970867
4.161616161616162,7.0,-0.11667522229944241,0.04241272563967868
4.262626262626263,7.0,-0.1171355376555443,0.04252382244243336
4.363636363636363,7.0,-0.11759387664954207,0.04263406319761032
4.4646464646464645,7.0,-0.11805238260803483,0.04274422668593303
4.565656565656566,7.0,-0.11851096821356677,0.04285428140083525
4.666666666666667,7.0,-0.1189686416177052,0.042963869801880605
4.767676767676767,7.0,-0.11942483840446719,0.0430727909158648
4.8686868686868685,7.0,-0.11987942664324472,0.04318099912453732
4.96969696969697,7.0,-0.12033194859417443,0.043288331591426754
5.070707070707071,7.0,-0.120781002332239,0.04339428861529626
5.171717171717172,7.0,-0.1212289376886644,0.043499718048536806
5.2727272727272725,7.0,-0.12167607654496562,0.04360473716603508
5.373737373737374,7.0,-0.1221221266062514,0.043709243108700946
5.474747474747475,7.0,-0.1225656238479881,0.04381271505766193
5.575757575757576,7.0,-0.12300793305357645,0.04391564440536655
5.6767676767676765,7.0,-0.1234492067748592,0.04401808799334361
5.777777777777778,7.0,-0.12388908328893351,0.044119919128796425
5.878787878787879,7.0,-0.1243266077937087,0.04422080049275934
5.97979797979798,7.0,-0.12476285346728255,0.04432111676108974
6.08080808080808,7.0,-0.1252093428646408,0.04442496488455561
6.181818181818182,7.0,-0.1256441259212509,0.04452455444458536
6.282828282828283,7.0,-0.1260783752133337,0.04462385011865422
6.383838383838384,7.0,-0.12651138532275977,0.04472260384957849
6.484848484848484,7.0,-0.12694686846748068,0.04482213134618007
6.585858585858586,7.0,-0.12737934004905418,0.04492049758137284
6.686868686868687,7.0,-0.12780969496130895,0.045018022199329266
6.787878787878788,7.0,-0.1282381876071012,0.045114800989040305
6.888888888888889,7.0,-0.12866494631289674,0.04521088532663953
6.98989898989899,7.0,-0.12909092125168323,0.045306612093419574
7.090909090909091,7.0,-0.12951566022302105,0.04540182503033208
7.191919191919192,7.0,-0.12994036935397033,0.04549695121484376
7.292929292929293,7.0,-0.13036381786573797,0.04559156615011517
7.393939393939394,7.0,-0.13078471088835752,0.045685223114411144
7.494949494949495,7.0,-0.13120335871144018,0.04577803662287039
7.595959595959596,7.0,-0.13162051940268163,0.04587028114706726
7.696969696969697,7.0,-0.1320363948126056,0.045962039439437774
7.797979797979798,7.0,-0.13244908034848177,0.04605266408853481
7.898989898989899,7.0,-0.13285888531817386,0.04614228635247741
8.0,7.0,-0.13327077665444687,0.04623265564588763
-2.0,8.0,-0.08748726681434184,0.034480904268789914
-1.898989898989899,8.0,-0.08810168450842926,0.034661104451835456
-1.797979797979798,8.0,-0.08872158749323987,0.03484330651176748
-1.696969696969697,8.0,-0.08932973009673649,0.035020728164354864
-1.595959595959596,8.0,-0.08993077197426867,0.0351951644642341
-1.494949494949495,8.0,-0.09052323220408848,0.035366037213002244
-1.393939393939394,8.0,-0.09110892236534703,0.0355340597049576
-1.292929292929293,8.0,-0.09168996624525703,0.035700062607368466
-1.1919191919191918,8.0,-0.09227542804830205,0.035867573484075876
-1.0909090909090908,8.0,-0.09286057492867507,0.0360347440820874
-0.98989898989899,8.0,-0.09343673387607651,0.03619820790714812
-0.8888888888888888,8.0,-0.09400251978026637,0.03635743883194209
-0.7878787878787878,8.0,-0.09456504847091488,0.03651519840860118
-0.6868686868686869,8.0,-0.095123056933586,0.03667100220778963
-0.5858585858585859,8.0,-0.09567942984019706,0.036825961304572274
-0.48484848484848486,8.0,-0.09623376788251267,0.036979921617721345
-0.3838383838383838,8.0,-0.09678495945791638,0.037132458180479944
-0.2828282828282828,8.0,-0.09733042083765915,0.03728258543119267
-0.18181818181818182,8.0,-0.09787849947509063,0.037433509454253056
-0.08080808080808081,8.0,-0.09841622022548244,0.03758027412848719
0.020202020202020204,8.0,-0.09895394093029278,0.03772682978459585
0.12121212121212122,8.0,-0.099490973096531,0.037872913251185025
0.2222222222222222,8.0,-0.10002581597531307,0.03801795352784154
0.32323232323232326,8.0,-0.10055660825590995,0.03816124807080712
0.42424242424242425,8.0,-0.10108119574446314,0.03830198760749681
0.5252525252525253,8.0,-0.10160289551351731,0.03844143418971413
0.6262626262626263,8.0,-0.10212226825280805,0.03857980290237606
0.7272727272727273,8.0,-0.1026427746751085,0.03871840434749885
0.8282828282828283,8.0,-0.10316156903308041,0.03885616469334252
0.9292929292929293,8.0,-0.10367637956950962,0.03899223048036049
1.0303030303030303,8.0,-0.10418908312612303,0.03912731116847823
1.1313131313131313,8.0,-0.1046980550443954,0.03926079955838446
1.2323232323232323,8.0,-0.10520470019598993,0.039393227097470174
1.3333333333333333,8.0,-0.10570879202780127,0.03952451257303835
1.4343434343434343,8.0,-0.10621301787088652,0.03965566481771532
1.5353535353535352,8.0,-0.10671543474701758,0.03978595930849593
1.6363636363636365,8.0,-0.10721571047768448,0.03991527148971841
1.7373737373737375,8.0,-0.10771368468321926,0.04004354555857503
1.8383838383838385,8.0,-0.10820814710099509,0.04017033571122397
1.9393939393939394,8.0,-0.10870479395724303,0.0402977656738841
2.04040404040404,8.0,-0.10919352448620091,0.04042209251444717
2.1414141414141414,8.0,-0.10968066401019042,0.04054565856397829
2.242424242424242,8.0,-0.1101670592131212,0.04066877904178767
2.3434343434343434,8.0,-0.11065152004466187,0.04079101697678311
2.4444444444444446,8.0,-0.11113416064729653,0.04091241643707377
2.5454545454545454,8.0,-0.11161562463123233,0.04103321703053808
2.6464646464646466,8.0,-0.11209594738488975,0.041153433899815184
2.7474747474747474,8.0,-0.11257386938765682,0.04127260694545498
2.8484848484848486,8.0,-0.11304981828140115,0.041390896167641245
2.9494949494949494,8.0,-0.11352430307658848,0.04150849060154371
3.0505050505050506,8.0,-0.11399917831575773,0.041626070725314435
3.1515151515151514,8.0,-0.11447380923109254,0.04174340566407153
3.2525252525252526,8.0,-0.11494456045053685,0.04185917123970029
3.3535353535353534,8.0,-0.11541408551222586,0.041974337343475554
3.4545454545454546,8.0,-0.11588239501078784,0.042088910319492356
3.5555555555555554,8.0,-0.1163475012526851,0.042202171962749446
3.6565656565656566,8.0,-0.11680917009453957,0.04231404228058011
3.757575757575758,8.0,-0.11727017759903616,0.04242552980215919
3.8585858585858586,8.0,-0.1177296225640537,0.04253631051643225
3.95959595959596,8.0,-0.11818867110080923,0.04264680851293434
4.0606060606060606,8.0,-0.11864531349887844,0.042756301461054136
4.161616161616162,8.0,-0.11910118488486805,0.04286537948571123
4.262626262626263,8.0,-0.11955519704582344,0.04297365311019519
4.363636363636363,8.0,-0.12001402626795622,0.04308352499351287
4.4646464646464645,8.0,-0.1204659329416392,0.04319078540838461
4.565656565656566,8.0,-0.12091738567615348,0.04329775269037839
4.666666666666667,8.0,-0.12136589798134036,0.0434035393422505
4.767676767676767,8.0,-0.12181306639248078,0.04350872032608066
4.8686868686868685,8.0,-0.12226063735037192,0.04361392130468289
4.96969696969697,8.0,-0.12270757337896654,0.043718772885519286
5.070707070707071,8.0,-0.12315242563546494,0.04382276094003856
5.171717171717172,8.0,-0.12359552278034237,0.04392600550368542
5.2727272727272725,8.0,-0.12403783947285192,0.04402885602154072
5.373737373737374,8.0,-0.12447830299384446,0.04413093564578929
5.474747474747475,8.0,-0.12491544033055936,0.044231726178772135
5.575757575757576,8.0,-0.12535061561625377,0.044331714047572746
5.6767676767676765,8.0,-0.1257864951445906,0.04443184590799376
5.777777777777778,8.0,-0.12622220232722242,0.04453181447790655
5.878787878787879,8.0,-0.1266546826246232,0.044630544976165254
5.97979797979798,8.0,-0.1270857666628985,0.044728687537514134
6.08080808080808,8.0,-0.12751637232477456,0.04482657033831572
6.181818181818182,8.0,-0.12794691758603646,0.044924343480232665
6.282828282828283,8.0,-0.12837627600996881,0.045021613537130634
6.383838383838384,8.0,-0.1288046528245458,0.045118455611778074
6.484848484848484,8.0,-0.1292334052411291,0.045215350866527615
6.585858585858586,8.0,-0.12965966288743316,0.04531130197986499
6.686868686868687,8.0,-0.13008579609198034,0.04540714070352436
6.787878787878788,8.0,-0.130517201190758,0.04550475939909404
6.888888888888889,8.0,-0.13094164448144008,0.045599906208188656
6.98989898989899,8.0,-0.13136370891197513,0.045694187728607005
7.090909090909091,8.0,-0.13178277912040912,0.04578741262787389
7.191919191919192,8.0,-0.132199308907095,0.04587976545482064
7.292929292929293,8.0,-0.1326149904687026,0.045971860713734713
7.393939393939394,8.0,-0.13302524475528169,0.04606213513961421
7.494949494949495,8.0,-0.1334369661696962,0.046153061729008016
7.595959595959596,8.0,-0.13384742083245887,0.046243775721031
7.696969696969697,8.0,-0.13423222629914566,0.0463259331523318
7.797979797979798,8.0,-0.13466472346842837,0.04642532277672018
7.898989898989899,8.0,-0.1350193605754719,0.046498927847025584
8.0,8.0,-0.13540014568071046,0.046584173865646505
-2.0,9.0,-0.10720073892868799,0.03921131322123017
-1.898989898989899,9.0,-0.10772488354610081,0.039346747307185126
-1.797979797979798,9.0,-0.10823157745028718,0.03947577885941911
-1.696969696969697,9.0,-0.10873725025236174,0.03960440803690091
-1.595959595959596,9.0,-0.1092451559297894,0.03973379561661261
-1.494949494949495,9.0,-0.1097536767413301,0.03986332426111261
-1.393939393939394,9.0,-0.11026236108249857,0.03999281163417834
-1.292929292929293,9.0,-0.11076961074177909,0.04012166285113494
-1.1919191919191918,9.0,-0.11127513283067506,0.04024976039089978
-1.0909090909090908,9.0,-0.11177906703453246,0.04037715064578862
-0.98989898989899,9.0,-0.11228320092271517,0.040504474945485924
-0.8888888888888888,9.0,-0.11278527286887531,0.040630914468863466
-0.7878787878787878,9.0,-0.11328606987761923,0.04075675440655857
-0.6868686868686869,9.0,-0.11378042108679164,0.04088013730179085
-0.5858585858585859,9.0,-0.11427035211298146,0.04100179507588564
-0.48484848484848486,9.0,-0.11476072347286435,0.04112347387511761
-0.3838383838383838,9.0,-0.11524616074932952,0.04124325145721741
-0.2828282828282828,9.0,-0.11572962235956133,0.04136218652929102
-0.18181818181818182,9.0,-0.11622081737130394,0.041483746946838096
-0.08080808080808081,9.0,-0.11670090333586633,0.041601215508173084
0.020202020202020204,9.0,-0.11717861165933081,0.04171770312223799
0.12121212121212122,9.0,-0.11765500135247813,0.04183358903505763
0.2222222222222222,9.0,-0.11812976485272826,0.04194876476386611
0.32323232323232326,9.0,-0.11860283596284991,0.04206320863890056
0.42424242424242425,9.0,-0.1190775230784674,0.0421780953073565
0.5252525252525253,9.0,-0.11955031302325293,0.04229217928087792
0.6262626262626263,9.0,-0.1200213678703781,0.04240552046135093
0.7272727272727273,9.0,-0.12049069268308904,0.04251812414415923
0.8282828282828283,9.0,-0.12095730053105729,0.04262964443163497
0.9292929292929293,9.0,-0.12142021398431736,0.04273974034849459
1.0303030303030303,9.0,-0.12188195233599192,0.04284930201287551
1.1313131313131313,9.0,-0.12234211081704659,0.0429581892522819
1.2323232323232323,9.0,-0.1227997945239179,0.04306609028332531
1.3333333333333333,9.0,-0.12325600951399805,0.04317336067706634
1.4343434343434343,9.0,-0.12371018193191495,0.04327980174959123
1.5353535353535352,9.0,-0.12416271602592527,0.043385557987221546
1.6363636363636365,9.0,-0.12461367051165696,0.04349065198437785
1.7373737373737375,9.0,-0.12506402168562608,0.04359542673088157
1.8383838383838385,9.0,-0.1255125473138751,0.04369945792337404
1.9393939393939394,9.0,-0.12596207850056526,0.04380373380075753
2.04040404040404,9.0,-0.12641026985920598,0.04390743876420089
2.1414141414141414,9.0,-0.12686549130554606,0.044013484855518925
2.242424242424242,9.0,-0.12731159888431834,0.044116267873654635
2.3434343434343434,9.0,-0.1277568395961163,0.04421865115683943
2.4444444444444446,9.0,-0.1282012132515577,0.044320636541748115
2.5454545454545454,9.0,-0.1286425454145394,0.04442147576253319
2.6464646464646466,9.0,-0.12908203011276725,0.0445215843280522
2.7474747474747474,9.0,-0.12952000911483497,0.04462108334963233
2.8484848484848486,9.0,-0.12995583229474597,0.04471975248164739
2.9494949494949494,9.0,-0.13038965419937953,0.04481765047314923
3.0505050505050506,9.0,-0.13082184687130174,0.04491490734803705
3.1515151515151514,9.0,-0.1312524546726315,0.04501153934086943
3.2525252525252526,9.0,-0.13168138211048663,0.04510751642018107
3.3535353535353534,9.0,-0.13210909634731585,0.04520300195802207
3.4545454545454546,9.0,-0.13253541158796767,0.045297935846306814
3.5555555555555554,9.0,-0.1329601314017734,0.04539225560296245
3.6565656565656566,9.0,-0.1333857893796448,0.045486830754448704
3.757575757575758,9.0,-0.1338121957760814,0.04558159990833133
3.8585858585858586,9.0,-0.1342393380177276,0.04567656064742209
3.95959595959596,9.0,-0.13466656916246292,0.04577149294233607
4.0606060606060606,9.0,-0.13509312467726536,0.04586613739518697
4.161616161616162,9.0,-0.13551778145714735,0.04596008309806621
4.262626262626263,9.0,-0.13594581290113059,0.04605512616296181
4.363636363636363,9.0,-0.1363623340229257,0.04614623280162533
4.4646464646464645,9.0,-0.13677768644710883,0.046236906079222706
4.565656565656566,9.0,-0.13719139044653658,0.04632698255836232
4.666666666666667,9.0,-0.1376022806922569,0.04641607535962322
4.767676767676767,9.0,-0.13801293479767573,0.04650505545107819
4.8686868686868685,9.0,-0.13842124265745476,0.046593217509006024
4.96969696969697,9.0,-0.13882524437695182,0.046679913900440795
5.070707070707071,9.0,-0.13922911624444514,0.04676656557697356
5.171717171717172,9.0,-0.13963753453304747,0.046854751801596706
5.2727272727272725,9.0,-0.1400474202541497,0.04694343728062478
5.373737373737374,9.0,-0.14045815601113285,0.04703241046720308
5.474747474747475,9.0,-0.14086785725759124,0.0471210387641392
5.575757575757576,9.0,-0.14127302794490387,0.047208160147754086
5.6767676767676765,9.0,-0.14167523338206528,0.04729431224106406
5.777777777777778,9.0,-0.14207587565965415,0.047379982345560734
5.878787878787879,9.0,-0.14248383529329153,0.04746811825189923
5.97979797979798,9.0,-0.14287352685990376,0.047550209016790745
6.08080808080808,9.0,-0.14326927019245086,0.04763434837111191
6.181818181818182,9.0,-0.14366153440758453,0.04771737731923764
6.282828282828283,9.0,-0.14404198719472752,0.04779655513506498
6.383838383838384,9.0,-0.14442378877642004,0.04787630381564867
6.484848484848484,9.0,-0.14480832101029617,0.04795710093066674
6.585858585858586,9.0,-0.14519554238546056,0.048038922659628724
6.686868686868687,9.0,-0.14558329330493752,0.0481210386136226
6.787878787878788,9.0,-0.1459680251689812,0.048202277636420376
6.888888888888889,9.0,-0.1463765861746884,0.04829151807548726
6.98989898989899,9.0,-0.14676143787612814,0.048373120994355645
7.090909090909091,9.0,-0.14713026834883122,0.04844959314576158
7.191919191919192,9.0,-0.14749652102075245,0.048525359494732356
7.292929292929293,9.0,-0.1478752832859458,0.04860540782340905
7.393939393939394,9.0,-0.14824762103773564,0.04868354025667543
7.494949494949495,9.0,-0.1485789099208044,0.04874846144117839
7.595959595959596,9.0,-0.14894058058862575,0.04882382860898815
7.696969696969697,9.0,-0.14928146507173237,0.04889284541884109
7.797979797979798,9.0,-0.14962582175042435,0.04896338449324844
7.898989898989899,9.0,-0.14997707935448865,0.0490365612606638
8.0,9.0,-0.15036943981716056,0.049123613198254645
-2.0,10.0,-0.11156198823823557,0.040135523572566
-1.898989898989899,10.0,-0.11206613862508462,0.04026325404265663
-1.797979797979798,10.0,-0.11256481506134382,0.04038886730420188
-1.696969696969697,10.0,-0.11306367143259839,0.0405143950899145
-1.595959595959596,10.0,-0.11355739414083413,0.04063793730509957
-1.494949494949495,10.0,-0.1140489950560299,0.04076057230643215
-1.393939393939394,10.0,-0.11453893496739889,0.04088246632170467
-1.292929292929293,10.0,-0.11502747102212685,0.04100372158723076
-1.1919191919191918,10.0,-0.11551291286634098,0.041123732555099934
-1.0909090909090908,10.0,-0.11599710615888074,0.04124315528335387
-0.98989898989899,10.0,-0.11647946043942084,0.04136178088539566
-0.8888888888888888,10.0,-0.11695990263620545,0.041479585667588026
-0.7878787878787878,10.0,-0.11744080690945452,0.041597413723977184
-0.6868686868686869,10.0,-0.11792092282082318,0.04171482174496788
-0.5858585858585859,10.0,-0.1183992637217245,0.04183146237598123
-0.48484848484848486,10.0,-0.11887580291044388,0.04194732985343563
-0.3838383838383838,10.0,-0.1193503414459079,0.042062355775875915
-0.2828282828282828,10.0,-0.11982024109313182,0.042175614503698
-0.18181818181818182,10.0,-0.12028894944549416,0.04228832348590572
-0.08080808080808081,10.0,-0.12075587286894839,0.042400276302707596
0.020202020202020204,10.0,-0.121220281827805,0.04251121955677206
0.12121212121212122,10.0,-0.12168317853732792,0.04262150756203198
0.2222222222222222,10.0,-0.12214398499823667,0.04273094039385228
0.32323232323232326,10.0,-0.12260308975996376,0.04283965716196292
0.42424242424242425,10.0,-0.12306059136250125,0.04294769451107783
0.5252525252525253,10.0,-0.12351729904697221,0.04305533724962629
0.6262626262626263,10.0,-0.123972364854462,0.04316229181664255
0.7272727272727273,10.0,-0.12442821175122004,0.04326940427305459
0.8282828282828283,10.0,-0.12488154834653654,0.043375530788438255
0.9292929292929293,10.0,-0.1253361215841895,0.0434819768930268
1.0303030303030303,10.0,-0.12578857227043816,0.0435875840064881
1.1313131313131313,10.0,-0.12624011302862034,0.04369276816634482
1.2323232323232323,10.0,-0.1266907944304795,0.04379754888905296
1.3333333333333333,10.0,-0.1271390654467685,0.04390139285030159
1.4343434343434343,10.0,-0.12758476004709618,0.04400424645908174
1.5353535353535352,10.0,-0.12802890361475872,0.044106466991785
1.6363636363636365,10.0,-0.12847087090312123,0.04420784272625866
1.7373737373737375,10.0,-0.1289109005393569,0.04430846142938094
1.8383838383838385,10.0,-0.12934910851232462,0.04440836507740897
1.9393939393939394,10.0,-0.12978574602874413,0.04450764113020966
2.04040404040404,10.0,-0.13022070430696916,0.044606255182152665
2.1414141414141414,10.0,-0.13065446859067129,0.044704376777403354
2.242424242424242,10.0,-0.13108684498798884,0.04480194309724084
2.3434343434343434,10.0,-0.13151765383204217,0.044898897393110815
2.4444444444444446,10.0,-0.1319484508231416,0.044995775729077536
2.5454545454545454,10.0,-0.1323811982495762,0.04509325084016069
2.6464646464646466,10.0,-0.13281454793293243,0.0451908644677701
2.7474747474747474,10.0,-0.13324801367049405,0.045288451396352514
2.8484848484848486,10.0,-0.13368083348972465,0.04538575323905292
2.9494949494949494,10.0,-0.1341124474234402,0.04548258361685242
3.0505050505050506,10.0,-0.134539043715331,0.045577657146175454
3.1515151515151514,10.0,-0.13496295832665137,0.04567178330563593
3.2525252525252526,10.0,-0.1353845991583488,0.045765094898776226
3.3535353535353534,10.0,-0.1358045352760885,0.04585778344514324
3.4545454545454546,10.0,-0.136221744675039,0.045949510596884124
3.5555555555555554,10.0,-0.1366386820928424,0.04604110572784492
3.6565656565656566,10.0,-0.13705334141543357,0.04613189875017554
3.757575757575758,10.0,-0.13746397341121241,0.0462213128665212
3.8585858585858586,10.0,-0.13787490636372743,0.04631081979921703
3.95959595959596,10.0,-0.13828973359831487,0.04640163468874192
4.0606060606060606,10.0,-0.13870690632154278,0.0464932357900949
4.161616161616162,10.0,-0.13912469790755247,0.04658503928021673
4.262626262626263,10.0,-0.13954137540624234,0.04667646372181622
4.363636363636363,10.0,-0.1399547528404039,0.046766784675234874
4.4646464646464645,10.0,-0.14036472961529506,0.04685598340000041
4.565656565656566,10.0,-0.1407725773613536,0.0469445030071185
4.666666666666667,10.0,-0.1411789536720625,0.04703254913918897
4.767676767676767,10.0,-0.1415774934641933,0.047118023039445234
4.8686868686868685,10.0,-0.14198093618929858,0.04720515591054664
4.96969696969697,10.0,-0.142380874620798,0.0472911624595298
5.070707070707071,10.0,-0.14276861592970283,0.04737318252914946
5.171717171717172,10.0,-0.1431608336352707,0.047456803467717634
5.2727272727272725,10.0,-0.14355619758625157,0.04754160043510325
5.373737373737374,10.0,-0.14395345691090336,0.0476271486141826
5.474747474747475,10.0,-0.1443519186460234,0.04771320326724293
5.575757575757576,10.0,-0.1447471665879669,0.04779830770994664
5.6767676767676765,10.0,-0.14515229302607108,0.04788679740107682
5.777777777777778,10.0,-0.14555234000246897,0.0479737907405422
5.878787878787879,10.0,-0.14593094133997908,0.04805385661984474
5.97979797979798,10.0,-0.14630518409782725,0.04813262153422926
6.08080808080808,10.0,-0.14669592830802733,0.04821697340368303
6.181818181818182,10.0,-0.147080030924555,0.04829932859049535
6.282828282828283,10.0,-0.14743205435599588,0.048371408628533175
6.383838383838384,10.0,-0.14779809777540545,0.048448544392741155
6.484848484848484,10.0,-0.14815847421995468,0.048524283901706156
6.585858585858586,10.0,-0.14852284014043,0.04860169980401707
6.686868686868687,10.0,-0.14889096892342865,0.04868071149770259
6.787878787878788,10.0,-0.14928766595462595,0.0487694797298488
6.888888888888889,10.0,-0.1496654111959748,0.04885249187423568
6.98989898989899,10.0,-0.15000541926375222,0.04892354992169601
7.090909090909091,10.0,-0.15033976891233816,0.04899312579286885
7.191919191919192,10.0,-0.1507433209992377,0.04908579233183019
7.292929292929293,10.0,-0.15102176607729656,0.049138402052513186
7.393939393939394,10.0,-0.15130347849895043,0.04919365941167797
7.494949494949495,10.0,-0.15163485726397669,0.04926648513268361
7.595959595959596,10.0,-0.1519500409362283,0.04933534788418825
7.696969696969697,10.0,-0.1522649346891239,0.049405296346762384
7.797979797979798,10.0,-0.15261696693701357,0.049488362015786436
7.898989898989899,10.0,-0.1529568674861471,0.049568483352601334
8.0,10.0,-0.15325613355315437,0.04963635829654578
